

    insert into
    store_category (
        id, 
        title, 
        description,
        top_product_id
    )
    values
    
    (
        1,
        'Laptop',
        'Benefit participant structure group second agent.',
        null
    ),
        
    (
        2,
        'Food',
        'Standard use fill country media onto.',
        null
    ),
        
    (
        3,
        'Pet Care',
        'Room citizen current operation television picture.',
        null
    ),
        
    (
        4,
        'Media',
        'Lay good choose say do.',
        null
    ),
        
    (
        5,
        'Body Care',
        'Dog should short forward history suggest fall.',
        null
    ),
        
    (
        6,
        'Office Equipment',
        'Wall attorney bank couple adult.',
        null
    ),
        
    (
        7,
        'Toys',
        'Nor set decade eight front pick participant.',
        null
    ),
        
    (
        8,
        'Electronics',
        'Foreign serve focus issue building his.',
        null
    ),
        
    (
        9,
        'Shoes',
        'Fire note brother.',
        null
    ),
        
    (
        10,
        'Book',
        'Sing great now situation culture yes.',
        null
    );
        
    insert into
    store_product (
        id,
        name,
        category_id,
        slug,
        description,
        unit_price,
        inventory,
        datetime_created,
        datetime_modified
    )
    values
    
    (
        1,
        'Sport Certain Field',
        5,
        'sport-certain-field',
        'On whole employee race message treatment computer.',
        29.45,
        32,
        '2019-09-26 23:00:18',
        '2019-09-30 14:02:09'
    ),
        
    (
        2,
        'Sound Process Bad Draw',
        4,
        'sound-process-bad-draw',
        'Present growth newspaper million beautiful.',
        47.88,
        47,
        '2019-06-11 16:22:06',
        '2019-07-02 04:24:52'
    ),
        
    (
        3,
        'Without Professor College Early',
        2,
        'without-professor-college-early',
        'War nearly question ability. Expect result dream region reason factor draw. Officer try history guy.',
        51.05,
        90,
        '2019-10-28 20:47:12',
        '2019-11-10 14:49:01'
    ),
        
    (
        4,
        'Cover Word Successful Decade Draw',
        9,
        'cover-word-successful-decade-draw',
        'Name seem speech analysis hand city one. Power require together.',
        6.50,
        53,
        '2022-04-01 08:02:44',
        '2022-04-20 11:04:14'
    ),
        
    (
        5,
        'Newspaper Key Avoid Property',
        2,
        'newspaper-key-avoid-property',
        'Professor record first drop up story.',
        39.88,
        39,
        '2022-05-31 00:51:03',
        '2022-06-04 02:54:49'
    ),
        
    (
        6,
        'Garden Maybe Many Risk Heavy',
        9,
        'garden-maybe-many-risk-heavy',
        'All past group environment Mr clear. All technology population structure very.',
        49.41,
        46,
        '2019-10-08 09:31:45',
        '2019-10-14 23:34:38'
    ),
        
    (
        7,
        'What No',
        8,
        'what-no',
        'Talk fear share career where place. Career window down activity she me business. Message analysis never eye over million see. Physical glass ask suffer exactly attorney several mother.',
        99.62,
        99,
        '2019-06-26 20:39:18',
        '2019-07-03 05:41:47'
    ),
        
    (
        8,
        'Natural Rise Start Sure Away',
        2,
        'natural-rise-start-sure-away',
        'She couple window sometimes. Page size drive art.',
        82.76,
        93,
        '2022-01-16 13:23:05',
        '2022-02-05 02:26:38'
    ),
        
    (
        9,
        'Friend Like',
        5,
        'friend-like',
        'Fact expect none between wait society. Last total house power. Open body study throw let Congress.',
        23.10,
        69,
        '2022-01-18 13:56:32',
        '2022-01-27 13:00:00'
    ),
        
    (
        10,
        'Cup Picture Thank',
        6,
        'cup-picture-thank',
        'Decide occur daughter somebody parent husband. Nice before simply suffer college meet week. Democratic home reason take open.',
        66.01,
        91,
        '2019-04-29 10:03:39',
        '2019-05-09 12:04:49'
    ),
        
    (
        11,
        'Development Walk',
        9,
        'development-walk',
        'Part home hour beat where. Do consumer pretty almost star local.',
        82.05,
        54,
        '2020-02-14 22:40:32',
        '2020-02-15 16:41:09'
    ),
        
    (
        12,
        'General Nearly Cold',
        2,
        'general-nearly-cold',
        'Explain my organization out society participant.',
        91.11,
        33,
        '2022-07-30 05:31:51',
        '2022-08-01 20:32:47'
    ),
        
    (
        13,
        'Figure Town Staff Best',
        10,
        'figure-town-staff-best',
        'These beat activity look.',
        56.41,
        72,
        '2021-11-24 08:26:31',
        '2021-12-07 10:28:49'
    ),
        
    (
        14,
        'Standard Professional Product Shoulder',
        1,
        'standard-professional-product-shoulder',
        'Each structure family cell authority fill man. Answer over star decision ability design. Project thus energy hundred.',
        22.06,
        58,
        '2019-06-11 22:52:10',
        '2019-06-17 02:56:04'
    ),
        
    (
        15,
        'Customer Us Enough Board',
        4,
        'customer-us-enough-board',
        'Apply wife doctor activity remember. Run force service collection at eat their. Join reach radio PM successful level ready nation.',
        41.68,
        27,
        '2021-04-02 15:47:34',
        '2021-04-14 16:50:52'
    ),
        
    (
        16,
        'Training People Listen Culture Pretty',
        9,
        'training-people-listen-culture-pretty',
        'Computer energy analysis theory.',
        40.68,
        39,
        '2019-03-04 15:21:24',
        '2019-03-17 22:23:19'
    ),
        
    (
        17,
        'Century Improve Than Include Difference',
        6,
        'century-improve-than-include-difference',
        'Understand sea argue arrive type Republican. Lot pressure stage expert particular.',
        82.15,
        18,
        '2021-12-26 02:38:03',
        '2022-01-10 16:41:53'
    ),
        
    (
        18,
        'Political Rather Culture',
        5,
        'political-rather-culture',
        'Energy provide also forget trouble. Fire it claim fire civil which play. According kid agree card crime look.',
        2.87,
        4,
        '2020-04-12 22:38:31',
        '2020-04-15 15:43:00'
    ),
        
    (
        19,
        'Level Commercial Tree',
        6,
        'level-commercial-tree',
        'Effort economic want. Message exist cell beautiful beat.',
        31.78,
        77,
        '2021-01-19 02:05:49',
        '2021-01-26 03:07:02'
    ),
        
    (
        20,
        'Join Western Election Brother Plant',
        5,
        'join-western-election-brother-plant',
        'Environment probably suffer Mrs. Strategy tonight reveal public.',
        57.68,
        28,
        '2020-09-04 23:48:19',
        '2020-09-15 16:51:25'
    ),
        
    (
        21,
        'At One Ground No',
        6,
        'at-one-ground-no',
        'Decade receive book guy those tough serious. Few know hour rock create true night. Store down book east it detail. Model country once movie billion bag.',
        16.83,
        8,
        '2022-06-18 21:26:54',
        '2022-07-01 14:29:24'
    ),
        
    (
        22,
        'Employee Trip',
        6,
        'employee-trip',
        'May break view increase treatment dinner group. Computer minute peace she.',
        44.43,
        88,
        '2023-05-28 13:40:26',
        '2023-06-13 19:43:06'
    ),
        
    (
        23,
        'Detail Together Movement',
        10,
        'detail-together-movement',
        'Finish how add fact option cold hope. Strong strong more fire about. Save specific you market according girl political. Short onto morning song vote protect third.',
        76.19,
        33,
        '2021-01-10 22:02:06',
        '2021-01-17 06:06:49'
    ),
        
    (
        24,
        'Every Finish',
        6,
        'every-finish',
        'Focus ground to sport plant within really.',
        46.69,
        99,
        '2020-02-16 12:42:58',
        '2020-02-26 09:44:04'
    ),
        
    (
        25,
        'Artist Recent Lot Floor',
        8,
        'artist-recent-lot-floor',
        'Middle miss middle movie season natural.',
        80.21,
        8,
        '2023-05-30 19:10:14',
        '2023-06-04 00:12:33'
    ),
        
    (
        26,
        'Ten Free Place Option Newspaper',
        6,
        'ten-free-place-option-newspaper',
        'Indeed travel we much dark doctor. Time too easy shake. Task able include reason. Fill travel billion country.',
        39.28,
        99,
        '2023-02-08 09:47:05',
        '2023-02-22 13:50:59'
    ),
        
    (
        27,
        'Several Development',
        1,
        'several-development',
        'Win TV how lawyer anything. Court anything analysis record suddenly anything. Add hour agreement argue plan. Key thought medical bank seat sort.',
        96.80,
        95,
        '2022-03-14 15:48:24',
        '2022-03-15 13:53:14'
    ),
        
    (
        28,
        'Recently Personal Billion Back',
        5,
        'recently-personal-billion-back',
        'News realize environment anything better forget power produce.',
        41.30,
        94,
        '2023-03-04 16:23:30',
        '2023-03-07 14:24:20'
    ),
        
    (
        29,
        'Sometimes Recently Cause',
        1,
        'sometimes-recently-cause',
        'Quite despite company financial product newspaper.',
        18.30,
        56,
        '2021-07-28 13:48:23',
        '2021-08-13 02:52:57'
    ),
        
    (
        30,
        'Smile Look Campaign Provide',
        2,
        'smile-look-campaign-provide',
        'Perhaps language fine house while those conference.',
        36.23,
        30,
        '2021-02-05 08:28:45',
        '2021-02-23 18:32:21'
    ),
        
    (
        31,
        'Out Suddenly',
        7,
        'out-suddenly',
        'Necessary suggest car edge. National especially wait myself. Situation drug skin suddenly success.',
        8.41,
        23,
        '2019-04-19 23:16:27',
        '2019-05-07 03:16:57'
    ),
        
    (
        32,
        'Television Leg Notice Work Book',
        10,
        'television-leg-notice-work-book',
        'Attack involve attention dark less accept chair message.',
        3.34,
        11,
        '2021-05-03 18:45:04',
        '2021-05-20 17:49:56'
    ),
        
    (
        33,
        'Herself Top Conference Economic',
        7,
        'herself-top-conference-economic',
        'Into none involve medical hand conference. Win help rather who. Own after task young.',
        70.45,
        66,
        '2019-07-02 07:13:01',
        '2019-07-10 20:16:25'
    ),
        
    (
        34,
        'Six Eight Protect Remember',
        3,
        'six-eight-protect-remember',
        'Police likely garden by situation candidate success themselves.',
        58.27,
        25,
        '2022-03-12 11:39:27',
        '2022-03-31 02:40:07'
    ),
        
    (
        35,
        'For Reality',
        10,
        'for-reality',
        'Ago but attention night best. Back local behavior difference.',
        79.80,
        94,
        '2023-01-14 02:09:04',
        '2023-01-24 03:13:21'
    ),
        
    (
        36,
        'Media Less Local',
        6,
        'media-less-local',
        'Third call field there war whether. Development develop trade we article. Staff boy whom throw four. Nor help world few everything design.',
        24.62,
        55,
        '2020-12-03 01:58:47',
        '2020-12-07 18:02:40'
    ),
        
    (
        37,
        'Candidate Source Southern Pass',
        4,
        'candidate-source-southern-pass',
        'Foot true experience south. Want together matter enter style. Summer range positive fish our something sister.',
        91.19,
        60,
        '2020-12-12 18:59:41',
        '2020-12-27 21:01:13'
    ),
        
    (
        38,
        'Perform Four Let',
        5,
        'perform-four-let',
        'Fund break hold condition.',
        1.45,
        1,
        '2020-01-03 19:08:35',
        '2020-01-22 05:10:57'
    ),
        
    (
        39,
        'Would Never Close Five',
        6,
        'would-never-close-five',
        'It public experience final activity nation shake. Experience oil long go material. Art money cost real we believe.',
        44.81,
        63,
        '2022-08-16 13:21:40',
        '2022-08-28 21:26:21'
    ),
        
    (
        40,
        'Possible Build Life Film',
        2,
        'possible-build-life-film',
        'Its line somebody daughter purpose new.',
        78.98,
        13,
        '2019-12-27 17:47:38',
        '2019-12-30 23:51:14'
    ),
        
    (
        41,
        'Will Door Big East',
        7,
        'will-door-big-east',
        'Shake performance particularly free toward property though. Carry party coach as international themselves relate describe.',
        17.67,
        3,
        '2020-07-10 04:23:02',
        '2020-07-12 20:26:02'
    ),
        
    (
        42,
        'Community Southern',
        9,
        'community-southern',
        'Entire avoid garden church open pull industry attorney. Worker senior own service.',
        18.93,
        9,
        '2020-02-21 14:39:14',
        '2020-03-11 14:41:29'
    ),
        
    (
        43,
        'Mother Note',
        5,
        'mother-note',
        'Sense company crime three. Man organization level thought interest stop. Part suffer military push himself.',
        77.51,
        93,
        '2019-01-06 08:58:31',
        '2019-01-22 19:03:22'
    ),
        
    (
        44,
        'President Paper Star',
        9,
        'president-paper-star',
        'Trip wall somebody medical yard man street.',
        59.34,
        74,
        '2019-03-25 07:00:41',
        '2019-04-04 06:04:28'
    ),
        
    (
        45,
        'Scientist Game Analysis',
        5,
        'scientist-game-analysis',
        'For clear tell make better. Nation which produce reveal fear quite help.',
        63.37,
        3,
        '2022-05-22 02:34:34',
        '2022-06-08 17:39:04'
    ),
        
    (
        46,
        'Source Act Work Against',
        9,
        'source-act-work-against',
        'Similar success media good itself such.',
        66.92,
        10,
        '2020-03-04 09:00:36',
        '2020-03-14 11:05:27'
    ),
        
    (
        47,
        'Use Analysis',
        1,
        'use-analysis',
        'Hair hard pay TV second. Run citizen go pressure night.',
        59.39,
        21,
        '2019-01-04 20:49:53',
        '2019-01-22 10:52:22'
    ),
        
    (
        48,
        'Voice Take Continue Free Street',
        9,
        'voice-take-continue-free-street',
        'Money meet officer drug. Significant such itself quality article.',
        26.47,
        44,
        '2022-06-08 18:04:27',
        '2022-06-24 23:08:08'
    ),
        
    (
        49,
        'You Entire National Reach',
        6,
        'you-entire-national-reach',
        'Go leader knowledge final. Something treatment without successful leg. But live second its be. Hit court author reach.',
        90.96,
        49,
        '2022-03-08 16:14:32',
        '2022-03-28 06:16:54'
    ),
        
    (
        50,
        'Road Enter Cover Bar Both',
        9,
        'road-enter-cover-bar-both',
        'Half investment every address. Similar environment free institution center.',
        83.22,
        63,
        '2021-11-23 15:45:58',
        '2021-12-01 05:50:55'
    ),
        
    (
        51,
        'Season Debate Stand Financial Author',
        7,
        'season-debate-stand-financial-author',
        'Street side gun although fly human manager.',
        17.45,
        95,
        '2020-07-16 06:17:56',
        '2020-07-23 16:18:19'
    ),
        
    (
        52,
        'A Beautiful Do',
        4,
        'a-beautiful-do',
        'Policy reduce including life smile society.',
        6.53,
        65,
        '2019-03-24 22:43:25',
        '2019-03-28 20:48:07'
    ),
        
    (
        53,
        'Federal Different Court Try Effect',
        8,
        'federal-different-court-try-effect',
        'Prove live woman peace and growth leader.',
        65.91,
        19,
        '2021-02-22 20:32:44',
        '2021-03-07 05:33:19'
    ),
        
    (
        54,
        'Research Institution',
        5,
        'research-institution',
        'Collection choice put win. Us card red reflect home tough. Sound personal reach board majority. No major those system still. Trip purpose lead ground.',
        50.76,
        9,
        '2023-04-26 23:36:50',
        '2023-05-10 18:38:43'
    ),
        
    (
        55,
        'Law Better Base Low',
        5,
        'law-better-base-low',
        'Morning or happen ready me stand east. Item call ten. Glass computer research place same. Use meeting worker expert add president here speech. Hard source six might.',
        31.88,
        53,
        '2022-03-03 04:31:46',
        '2022-03-18 18:33:28'
    ),
        
    (
        56,
        'About Cell Gas Image',
        5,
        'about-cell-gas-image',
        'Decision fast wait despite.',
        36.07,
        75,
        '2022-03-13 23:36:46',
        '2022-03-23 02:38:58'
    ),
        
    (
        57,
        'Audience Want Partner Action',
        8,
        'audience-want-partner-action',
        'Water history adult already prove nature decade.',
        22.63,
        99,
        '2019-10-15 22:06:56',
        '2019-10-22 00:08:04'
    ),
        
    (
        58,
        'Sort Understand Front',
        2,
        'sort-understand-front',
        'Everything able its protect nothing price. On certainly international.',
        5.15,
        75,
        '2023-01-04 09:29:13',
        '2023-01-06 05:29:56'
    ),
        
    (
        59,
        'College Piece Star That Spend',
        4,
        'college-piece-star-that-spend',
        'Approach take discuss ask big. By director performance turn become more. Public sell character.',
        75.49,
        14,
        '2020-02-27 23:07:21',
        '2020-03-10 12:09:01'
    ),
        
    (
        60,
        'Current Government System Save',
        10,
        'current-government-system-save',
        'Agent direction hotel radio miss. Reflect if police moment do miss direction.',
        90.24,
        25,
        '2023-04-21 09:04:10',
        '2023-05-03 07:07:28'
    ),
        
    (
        61,
        'Fund Part',
        4,
        'fund-part',
        'Sit property safe bar seven memory role. Simply anyone remain role year great.',
        34.04,
        16,
        '2022-07-01 04:48:54',
        '2022-07-07 15:50:48'
    ),
        
    (
        62,
        'Speak Animal Exist Road Dream',
        9,
        'speak-animal-exist-road-dream',
        'Able because on sure commercial life.',
        13.19,
        84,
        '2023-02-11 23:59:27',
        '2023-02-17 10:02:23'
    ),
        
    (
        63,
        'Recognize Toward Leg Blood',
        3,
        'recognize-toward-leg-blood',
        'Current technology listen front friend attack successful.',
        70.70,
        34,
        '2021-06-02 02:24:32',
        '2021-06-03 02:27:24'
    ),
        
    (
        64,
        'Daughter Woman Often May',
        5,
        'daughter-woman-often-may',
        'Long letter television trade new. These raise scene everything. Program free night perform lot.',
        8.43,
        10,
        '2020-04-28 14:28:04',
        '2020-05-02 15:28:08'
    ),
        
    (
        65,
        'Task Truth Whose',
        10,
        'task-truth-whose',
        'Current building make shake doctor safe series situation.',
        24.25,
        38,
        '2021-07-02 04:33:01',
        '2021-07-12 14:34:26'
    ),
        
    (
        66,
        'Head Quality Hit Audience Half',
        5,
        'head-quality-hit-audience-half',
        'Section from street wonder.',
        33.00,
        65,
        '2019-12-29 17:54:53',
        '2020-01-03 11:57:39'
    ),
        
    (
        67,
        'Film Property Soon Cup',
        5,
        'film-property-soon-cup',
        'Local positive more common. Area price play here least. Rather collection visit too. Toward reach toward pick.',
        48.67,
        46,
        '2022-07-01 21:10:10',
        '2022-07-05 03:10:46'
    ),
        
    (
        68,
        'Heart Face Quality Shoulder',
        7,
        'heart-face-quality-shoulder',
        'Some consider thing plan. Officer build thought fire visit test. Computer manage house structure face.',
        65.05,
        30,
        '2022-03-22 21:44:26',
        '2022-04-02 05:45:19'
    ),
        
    (
        69,
        'Former Course Fall Message Onto',
        7,
        'former-course-fall-message-onto',
        'Understand have two rock traditional call huge. Force party meeting medical. Realize level go challenge.',
        95.13,
        81,
        '2019-08-25 06:29:55',
        '2019-09-02 22:32:31'
    ),
        
    (
        70,
        'Outside Still',
        1,
        'outside-still',
        'Action game all painting never.',
        33.88,
        17,
        '2020-10-17 19:55:03',
        '2020-11-01 20:57:29'
    ),
        
    (
        71,
        'Education Bed Particular',
        3,
        'education-bed-particular',
        'Theory carry recent money Congress. Face some affect collection item pressure interest.',
        37.32,
        41,
        '2021-10-27 23:06:32',
        '2021-11-12 04:07:19'
    ),
        
    (
        72,
        'Very Expect Agree Hope',
        7,
        'very-expect-agree-hope',
        'Traditional financial instead example service.',
        64.86,
        68,
        '2020-06-09 22:44:06',
        '2020-06-23 19:47:12'
    ),
        
    (
        73,
        'Author Attack Character',
        6,
        'author-attack-character',
        'Here future I hotel.',
        87.38,
        90,
        '2022-06-30 06:53:23',
        '2022-07-16 16:58:14'
    ),
        
    (
        74,
        'Whom Out Once',
        6,
        'whom-out-once',
        'Truth size recognize some talk family. Provide record surface summer rich.',
        66.74,
        24,
        '2021-05-23 04:21:30',
        '2021-06-02 10:22:45'
    ),
        
    (
        75,
        'School Local',
        3,
        'school-local',
        'Every thing account cultural discuss what.',
        63.04,
        96,
        '2022-02-18 22:19:58',
        '2022-03-11 18:20:41'
    ),
        
    (
        76,
        'Painting Beautiful Claim Method',
        10,
        'painting-beautiful-claim-method',
        'Operation sort happen big. White receive PM market.',
        34.73,
        22,
        '2020-11-25 23:48:59',
        '2020-12-07 03:49:04'
    ),
        
    (
        77,
        'Author Drug',
        2,
        'author-drug',
        'Nation couple discuss six. Pretty suggest summer analysis relationship follow back. Training agree others go bill technology law. This mind including stock.',
        3.94,
        1,
        '2019-04-22 04:40:08',
        '2019-04-25 08:44:51'
    ),
        
    (
        78,
        'Safe Never Easy',
        4,
        'safe-never-easy',
        'You politics ready. Step throw camera skin. Evidence voice phone nation western carry small.',
        14.12,
        30,
        '2020-08-13 01:32:18',
        '2020-08-27 12:34:31'
    ),
        
    (
        79,
        'Wide Partner Arrive Day Dark',
        8,
        'wide-partner-arrive-day-dark',
        'Director compare data rather.',
        12.72,
        72,
        '2023-06-07 01:52:50',
        '2023-06-07 09:56:03'
    ),
        
    (
        80,
        'Continue Top Between Home',
        7,
        'continue-top-between-home',
        'Analysis which arrive need civil.',
        64.90,
        57,
        '2019-09-25 18:30:37',
        '2019-09-30 14:34:46'
    ),
        
    (
        81,
        'Picture What Must Mission Across',
        2,
        'picture-what-must-mission-across',
        'Quality tell first any. Require industry raise nature.',
        64.51,
        63,
        '2021-07-20 17:33:48',
        '2021-07-29 17:36:35'
    ),
        
    (
        82,
        'Decide Door Notice',
        3,
        'decide-door-notice',
        'Support late can two. Article go magazine exactly.',
        36.98,
        98,
        '2019-07-08 17:10:11',
        '2019-07-25 13:13:43'
    ),
        
    (
        83,
        'Head Everything',
        9,
        'head-everything',
        'Produce energy throw into attack mouth computer. Some challenge building officer resource speech. Step care organization win exist so positive. Month spend hot any.',
        53.25,
        79,
        '2023-05-22 21:27:33',
        '2023-05-25 13:27:36'
    ),
        
    (
        84,
        'Base Thing',
        8,
        'base-thing',
        'Response college interesting control mouth above account.',
        65.62,
        93,
        '2022-03-21 09:14:22',
        '2022-03-25 09:18:29'
    ),
        
    (
        85,
        'Citizen Company Top Democrat',
        3,
        'citizen-company-top-democrat',
        'Mother degree perform.',
        54.20,
        39,
        '2023-01-10 04:17:09',
        '2023-01-16 03:19:48'
    ),
        
    (
        86,
        'Act Paper',
        10,
        'act-paper',
        'Break son top perhaps happy a. Toward sure never affect. Determine science despite shake important coach floor hotel.',
        12.15,
        49,
        '2022-04-05 09:46:40',
        '2022-04-16 12:48:39'
    ),
        
    (
        87,
        'Their Congress Customer Read Phone',
        2,
        'their-congress-customer-read-phone',
        'Right media future democratic form color soldier.',
        30.74,
        65,
        '2020-12-21 20:19:23',
        '2021-01-08 12:21:40'
    ),
        
    (
        88,
        'Our Candidate Girl',
        4,
        'our-candidate-girl',
        'Myself goal stand thing. Difficult than little show question base. Support election want thousand.',
        75.07,
        61,
        '2022-06-21 03:33:41',
        '2022-06-23 13:36:13'
    ),
        
    (
        89,
        'North Outside Beat',
        1,
        'north-outside-beat',
        'Politics forward bill beyond enough. Benefit fire baby full.',
        77.60,
        92,
        '2021-09-04 20:00:49',
        '2021-09-10 00:05:25'
    ),
        
    (
        90,
        'Between Couple',
        2,
        'between-couple',
        'Would ever product possible oil hot than table. Yourself card hot author.',
        59.25,
        63,
        '2021-11-18 10:01:27',
        '2021-11-23 08:01:59'
    ),
        
    (
        91,
        'Range Indeed Along Dinner',
        6,
        'range-indeed-along-dinner',
        'Book especially degree outside hair history such help.',
        19.76,
        21,
        '2019-11-18 17:52:28',
        '2019-11-26 23:54:19'
    ),
        
    (
        92,
        'Pretty Improve Cost',
        10,
        'pretty-improve-cost',
        'Economy green turn bank affect challenge explain defense.',
        83.11,
        72,
        '2019-03-19 02:35:00',
        '2019-04-05 00:38:13'
    ),
        
    (
        93,
        'Foreign Happy Expert Discover',
        5,
        'foreign-happy-expert-discover',
        'Piece save tough good my cultural with. Officer continue church floor.',
        8.03,
        65,
        '2020-11-12 04:57:19',
        '2020-11-21 06:57:20'
    ),
        
    (
        94,
        'Explain Create Play Local',
        7,
        'explain-create-play-local',
        'Manager service involve painting ready. Through involve knowledge information likely. Letter hand too.',
        44.13,
        97,
        '2021-05-16 10:48:31',
        '2021-05-27 07:52:26'
    ),
        
    (
        95,
        'She Result Budget North',
        4,
        'she-result-budget-north',
        'Open focus same others. Appear keep free skin at institution.',
        91.52,
        55,
        '2023-06-04 17:36:09',
        '2023-06-20 08:38:17'
    ),
        
    (
        96,
        'Create Subject Whether',
        6,
        'create-subject-whether',
        'Finish environment expert simple about week. However during others. Development tend common.',
        18.12,
        46,
        '2021-06-07 20:10:05',
        '2021-06-22 20:10:54'
    ),
        
    (
        97,
        'Key Paper And Avoid',
        9,
        'key-paper-and-avoid',
        'Brother general me expert measure Mr.',
        37.00,
        45,
        '2022-10-24 05:47:27',
        '2022-11-05 12:48:28'
    ),
        
    (
        98,
        'Top Audience Entire Attention Everyone',
        9,
        'top-audience-entire-attention-everyone',
        'Sometimes miss white boy.',
        39.49,
        30,
        '2022-11-14 20:10:38',
        '2022-12-01 18:12:28'
    ),
        
    (
        99,
        'Heavy Turn Us Book',
        10,
        'heavy-turn-us-book',
        'Left player live discuss finish whom necessary.',
        96.05,
        5,
        '2019-08-11 12:30:38',
        '2019-08-17 13:35:11'
    ),
        
    (
        100,
        'National Social Against Represent Director',
        7,
        'national-social-against-represent-director',
        'Throughout party test attack be. Without instead ever usually entire everybody fight.',
        78.38,
        100,
        '2021-12-08 09:08:29',
        '2021-12-26 10:11:35'
    ),
        
    (
        101,
        'People As Anything',
        6,
        'people-as-anything',
        'Deal here share part item card.',
        52.57,
        19,
        '2019-02-01 12:02:24',
        '2019-02-14 01:04:09'
    ),
        
    (
        102,
        'Research Stage',
        6,
        'research-stage',
        'Say size daughter ability enough top carry. Chance live man probably form approach. Stay trade reality available fire.',
        58.73,
        59,
        '2022-10-13 13:12:02',
        '2022-10-14 05:15:35'
    ),
        
    (
        103,
        'Hour Standard Small Opportunity',
        3,
        'hour-standard-small-opportunity',
        'Hot determine difference third great. Build meet brother letter character road full. Choice chair improve medical property. From interesting drop involve then stand. Few ready visit car candidate star everything.',
        2.58,
        82,
        '2021-08-02 02:28:44',
        '2021-08-10 12:32:13'
    ),
        
    (
        104,
        'Lot Hand Against',
        8,
        'lot-hand-against',
        'Trip too attack. Reality eat newspaper. House possible former raise letter.',
        59.04,
        81,
        '2020-03-06 13:33:56',
        '2020-03-19 13:38:48'
    ),
        
    (
        105,
        'Call Cause',
        9,
        'call-cause',
        'Stage bill water evening center study. A number assume finish. Staff try say then Congress. Everybody suddenly because require address bar institution discussion. International page author something when trade.',
        52.23,
        70,
        '2020-12-22 00:47:08',
        '2020-12-30 03:50:22'
    ),
        
    (
        106,
        'Sense Admit Behavior Form Along',
        2,
        'sense-admit-behavior-form-along',
        'Lay perhaps approach material.',
        85.69,
        9,
        '2019-06-01 13:50:41',
        '2019-06-21 18:53:05'
    ),
        
    (
        107,
        'Once Say Stock',
        2,
        'once-say-stock',
        'Peace administration industry tree.',
        74.40,
        23,
        '2021-09-19 23:17:43',
        '2021-10-01 06:22:20'
    ),
        
    (
        108,
        'President Apply Country',
        9,
        'president-apply-country',
        'Form moment offer beautiful eye three would. Risk sea company speech we. Day line he herself property us near believe.',
        73.47,
        70,
        '2020-12-28 01:08:47',
        '2020-12-30 22:09:22'
    ),
        
    (
        109,
        'Data Total Truth I Lawyer',
        5,
        'data-total-truth-i-lawyer',
        'Decide other matter memory mouth. Health child commercial quality international.',
        8.90,
        20,
        '2022-09-15 14:13:08',
        '2022-09-27 12:14:59'
    ),
        
    (
        110,
        'Shoulder Next Talk',
        8,
        'shoulder-next-talk',
        'Author American talk white see. Give share begin production teacher everybody pick.',
        54.61,
        24,
        '2020-04-25 23:57:43',
        '2020-04-27 16:00:54'
    ),
        
    (
        111,
        'Even Pick',
        1,
        'even-pick',
        'Shake hold language.',
        50.21,
        31,
        '2022-09-11 14:38:57',
        '2022-10-01 08:42:49'
    ),
        
    (
        112,
        'Science Everyone North Brother',
        10,
        'science-everyone-north-brother',
        'Other public new.',
        57.74,
        69,
        '2021-03-20 17:42:14',
        '2021-03-31 16:42:44'
    ),
        
    (
        113,
        'Attention By Team Hand',
        9,
        'attention-by-team-hand',
        'Season probably social thus cultural example. Become film position try enjoy exactly cost. Again charge water.',
        6.02,
        55,
        '2022-10-06 08:12:59',
        '2022-10-19 15:17:09'
    ),
        
    (
        114,
        'Southern Home',
        3,
        'southern-home',
        'Single phone increase office walk. Vote together say today source.',
        11.29,
        22,
        '2019-03-02 15:56:37',
        '2019-03-13 07:00:30'
    ),
        
    (
        115,
        'Like Serve Art',
        10,
        'like-serve-art',
        'Book building key PM stay.',
        70.47,
        25,
        '2023-05-31 00:01:10',
        '2023-06-02 10:02:11'
    ),
        
    (
        116,
        'Turn Born Natural Gas',
        5,
        'turn-born-natural-gas',
        'Great without business state add. Produce age research. Heavy head threat own long figure.',
        94.88,
        13,
        '2021-03-10 19:26:25',
        '2021-03-25 21:29:08'
    ),
        
    (
        117,
        'Improve Summer Guess Resource Many',
        5,
        'improve-summer-guess-resource-many',
        'Television vote item church nature.',
        21.74,
        52,
        '2022-07-04 12:09:43',
        '2022-07-17 09:09:52'
    ),
        
    (
        118,
        'Place Argue South Explain Door',
        9,
        'place-argue-south-explain-door',
        'Of share tree as. Able because to we item turn.',
        14.72,
        85,
        '2021-08-23 13:49:44',
        '2021-08-27 06:52:52'
    ),
        
    (
        119,
        'Its Summer',
        4,
        'its-summer',
        'Officer bring yes rather course past. Suddenly poor civil.',
        67.67,
        44,
        '2020-05-05 08:06:03',
        '2020-05-24 08:10:55'
    ),
        
    (
        120,
        'Hair Choice Risk Eye',
        8,
        'hair-choice-risk-eye',
        'Rise talk meet avoid management character choice seem. Industry sport suggest air company morning stage.',
        56.10,
        70,
        '2021-08-22 00:17:19',
        '2021-09-02 08:20:20'
    ),
        
    (
        121,
        'Attention That Various Now',
        2,
        'attention-that-various-now',
        'Although tend shoulder local rule. Message decide woman hear drug piece.',
        38.31,
        62,
        '2020-07-23 09:28:18',
        '2020-08-06 11:29:54'
    ),
        
    (
        122,
        'Science Sound Good Perform Realize',
        5,
        'science-sound-good-perform-realize',
        'Rather memory month never. Kid traditional charge month. Identify occur side determine south true.',
        54.25,
        56,
        '2021-07-30 05:00:41',
        '2021-08-10 12:03:40'
    ),
        
    (
        123,
        'Data Place Later',
        1,
        'data-place-later',
        'Degree do medical.',
        29.99,
        26,
        '2019-09-16 22:32:49',
        '2019-09-24 14:37:06'
    ),
        
    (
        124,
        'Whole Run Public Painting Some',
        10,
        'whole-run-public-painting-some',
        'Country base her story by everything join daughter.',
        59.08,
        22,
        '2019-10-21 00:07:34',
        '2019-10-27 09:10:37'
    ),
        
    (
        125,
        'Other Above Serve Data Short',
        4,
        'other-above-serve-data-short',
        'What despite create figure prove know exist.',
        1.86,
        92,
        '2021-08-29 08:53:47',
        '2021-09-01 16:56:41'
    ),
        
    (
        126,
        'Wish Build None Network',
        10,
        'wish-build-none-network',
        'Once ready car assume model think ball outside.',
        22.05,
        97,
        '2022-08-27 15:01:57',
        '2022-09-01 16:04:49'
    ),
        
    (
        127,
        'I She Near',
        5,
        'i-she-near',
        'His produce kitchen without sort Mrs. Firm range support city paper.',
        31.78,
        53,
        '2019-01-21 01:55:18',
        '2019-02-06 11:56:29'
    ),
        
    (
        128,
        'Mission Former Fall Reflect',
        2,
        'mission-former-fall-reflect',
        'Lose yourself all over market actually level. Explain election be food population sell.',
        70.89,
        52,
        '2023-02-15 10:03:01',
        '2023-02-18 09:04:15'
    ),
        
    (
        129,
        'Store Them Yet Material',
        7,
        'store-them-yet-material',
        'Learn democratic population stock war. Research concern market nation investment.',
        27.24,
        61,
        '2021-05-26 06:31:41',
        '2021-05-26 19:34:55'
    ),
        
    (
        130,
        'Develop Magazine Short Since Quite',
        9,
        'develop-magazine-short-since-quite',
        'Word rule whole teach value. Trial pattern sister cover stay move.',
        47.07,
        7,
        '2022-11-26 17:46:13',
        '2022-12-17 11:50:34'
    ),
        
    (
        131,
        'Happy Gas Section Must',
        9,
        'happy-gas-section-must',
        'Check magazine at song close leg become. This because share every military. Oil war measure range since today experience.',
        88.56,
        6,
        '2019-10-04 00:57:34',
        '2019-10-09 03:57:38'
    ),
        
    (
        132,
        'Do Under Prove Build Again',
        7,
        'do-under-prove-build-again',
        'Stand party real amount about participant.',
        23.89,
        61,
        '2020-03-17 09:49:04',
        '2020-04-05 02:50:41'
    ),
        
    (
        133,
        'Attention Listen Board News',
        1,
        'attention-listen-board-news',
        'Guy draw attack audience various. Talk relationship similar foot Congress race reflect.',
        82.86,
        57,
        '2021-09-30 20:02:20',
        '2021-10-20 22:03:13'
    ),
        
    (
        134,
        'Size Ball',
        6,
        'size-ball',
        'Sense difference then ten. Finally measure shoulder sort record.',
        75.28,
        69,
        '2023-04-11 06:37:19',
        '2023-04-18 06:42:01'
    ),
        
    (
        135,
        'Him Suggest Price Cold',
        3,
        'him-suggest-price-cold',
        'Through happy investment actually task suffer.',
        74.45,
        80,
        '2021-09-07 00:22:18',
        '2021-09-24 20:24:34'
    ),
        
    (
        136,
        'Site Sure',
        5,
        'site-sure',
        'Add suffer else dinner only value. Establish ability education director woman dog.',
        76.68,
        70,
        '2021-09-14 09:15:14',
        '2021-09-16 16:15:23'
    ),
        
    (
        137,
        'Pm Tree',
        4,
        'pm-tree',
        'All despite they want out. Stop explain them black attorney election out. Positive senior near quickly interesting contain close.',
        17.32,
        25,
        '2021-10-30 16:55:01',
        '2021-11-10 16:59:33'
    ),
        
    (
        138,
        'Here Same Growth',
        10,
        'here-same-growth',
        'No herself oil find. Federal today happen serve contain admit figure.',
        30.97,
        9,
        '2019-10-05 00:43:51',
        '2019-10-18 14:47:49'
    ),
        
    (
        139,
        'Herself Name Age',
        5,
        'herself-name-age',
        'Different professional house rate.',
        81.87,
        6,
        '2021-08-02 14:03:17',
        '2021-08-09 17:08:07'
    ),
        
    (
        140,
        'Five Physical',
        1,
        'five-physical',
        'Training skill item join example. Or necessary late ever.',
        82.95,
        63,
        '2021-09-10 08:24:07',
        '2021-09-19 00:25:06'
    ),
        
    (
        141,
        'Nature Score Claim Act Benefit',
        2,
        'nature-score-claim-act-benefit',
        'Rich new everybody.',
        65.21,
        31,
        '2019-05-20 00:56:40',
        '2019-05-29 14:01:02'
    ),
        
    (
        142,
        'There Task Ever Enjoy Detail',
        5,
        'there-task-ever-enjoy-detail',
        'Always court pass sell account. Cup radio world look.',
        96.70,
        82,
        '2023-03-26 21:08:16',
        '2023-04-03 15:13:15'
    ),
        
    (
        143,
        'Center Purpose Pretty',
        1,
        'center-purpose-pretty',
        'Development laugh wife moment how. Food none buy recently name see.',
        23.19,
        58,
        '2022-05-05 18:23:00',
        '2022-05-10 20:26:09'
    ),
        
    (
        144,
        'Machine At',
        9,
        'machine-at',
        'Condition fly require front. Address here tonight eat which. Mouth record system wind democratic.',
        36.44,
        61,
        '2021-03-08 05:34:48',
        '2021-03-14 05:37:16'
    ),
        
    (
        145,
        'Memory Possible You Themselves',
        1,
        'memory-possible-you-themselves',
        'Theory somebody drive threat guy value yard.',
        84.31,
        4,
        '2022-07-17 07:52:00',
        '2022-07-31 18:55:34'
    ),
        
    (
        146,
        'American Nature',
        10,
        'american-nature',
        'Rate professional those option window treatment. Let performance produce part. Push picture claim commercial exist.',
        18.91,
        33,
        '2021-03-30 17:27:21',
        '2021-04-12 10:31:05'
    ),
        
    (
        147,
        'Think Hour',
        1,
        'think-hour',
        'Certainly play miss central morning. Mrs wife Democrat case could. Lawyer baby town difficult effort court. Agree again various wonder magazine.',
        50.85,
        56,
        '2020-09-10 18:19:22',
        '2020-09-30 14:19:38'
    ),
        
    (
        148,
        'Reveal Fire Above Determine Direction',
        9,
        'reveal-fire-above-determine-direction',
        'Hope only why thank able ok walk natural. And read thousand. Perform of war. Gas something summer own join floor.',
        64.11,
        46,
        '2023-01-18 01:03:27',
        '2023-01-30 14:06:23'
    ),
        
    (
        149,
        'Important Manage',
        10,
        'important-manage',
        'Heart community base born crime market opportunity.',
        29.22,
        57,
        '2022-01-23 10:50:36',
        '2022-02-09 18:55:29'
    ),
        
    (
        150,
        'World Serious',
        4,
        'world-serious',
        'Interesting institution sense law everybody.',
        49.73,
        47,
        '2022-11-09 21:20:23',
        '2022-11-10 22:23:05'
    ),
        
    (
        151,
        'Employee Sell Lot Officer She',
        4,
        'employee-sell-lot-officer-she',
        'Majority interview can value defense expert country.',
        31.58,
        4,
        '2019-11-20 16:24:07',
        '2019-11-24 20:28:39'
    ),
        
    (
        152,
        'Low Step Success Church',
        9,
        'low-step-success-church',
        'Marriage something fast rest bit.',
        79.19,
        42,
        '2022-03-21 04:12:16',
        '2022-03-22 13:14:12'
    ),
        
    (
        153,
        'True Bring Voice Traditional Idea',
        1,
        'true-bring-voice-traditional-idea',
        'Station democratic mother else long summer. Key price you eye shoulder spend. Collection level deal eight performance.',
        71.05,
        88,
        '2021-06-05 20:39:44',
        '2021-06-18 11:40:33'
    ),
        
    (
        154,
        'Green Him Skin',
        7,
        'green-him-skin',
        'Office actually establish organization energy contain.',
        58.68,
        2,
        '2019-02-08 01:08:45',
        '2019-02-23 09:12:51'
    ),
        
    (
        155,
        'While Myself',
        2,
        'while-myself',
        'Anything within go by personal weight great participant. Send heart world will everyone story.',
        8.05,
        66,
        '2023-01-26 12:35:28',
        '2023-02-07 19:36:36'
    ),
        
    (
        156,
        'Skill Figure On Popular Article',
        3,
        'skill-figure-on-popular-article',
        'Success establish family region bad vote decade west. Land discover little approach board pass.',
        38.92,
        39,
        '2020-03-03 01:34:55',
        '2020-03-23 10:39:21'
    ),
        
    (
        157,
        'Especially House',
        2,
        'especially-house',
        'Style ability step wrong. Sign try last. Difficult cover trade never but.',
        50.02,
        55,
        '2020-08-15 09:58:16',
        '2020-08-24 17:00:23'
    ),
        
    (
        158,
        'Term Statement Group Blue Week',
        10,
        'term-statement-group-blue-week',
        'Partner begin choice situation life try officer. Class again own pass. Director partner get air western fly.',
        65.40,
        47,
        '2019-08-19 02:40:08',
        '2019-08-24 11:41:40'
    ),
        
    (
        159,
        'Official Everybody True',
        9,
        'official-everybody-true',
        'Figure matter perform event however.',
        96.21,
        9,
        '2022-02-06 04:59:12',
        '2022-02-22 02:59:36'
    ),
        
    (
        160,
        'Cut Measure Medical Free Read',
        4,
        'cut-measure-medical-free-read',
        'Beat shake ground official base unit guy.',
        60.49,
        87,
        '2022-02-02 07:43:01',
        '2022-02-08 18:47:41'
    ),
        
    (
        161,
        'Movement Miss Professor',
        1,
        'movement-miss-professor',
        'Chance bar though experience world maybe no.',
        65.55,
        40,
        '2020-02-15 12:43:46',
        '2020-03-06 04:46:09'
    ),
        
    (
        162,
        'Stage Raise',
        1,
        'stage-raise',
        'Without that family land. Director however commercial way.',
        21.39,
        78,
        '2021-05-09 05:46:14',
        '2021-05-23 00:50:43'
    ),
        
    (
        163,
        'Send Arm Item Whom Sing',
        9,
        'send-arm-item-whom-sing',
        'Maybe lose control police forward.',
        96.43,
        93,
        '2020-01-31 01:30:05',
        '2020-02-15 06:32:52'
    ),
        
    (
        164,
        'Sit Friend Cup Help',
        10,
        'sit-friend-cup-help',
        'Each section away lot off road treatment popular. Either sometimes assume gun smile camera.',
        22.69,
        50,
        '2020-06-23 14:30:02',
        '2020-06-27 05:31:04'
    ),
        
    (
        165,
        'Hospital Lead Which Really',
        8,
        'hospital-lead-which-really',
        'Behavior while forget several land.',
        24.50,
        92,
        '2023-04-21 00:52:34',
        '2023-05-05 01:55:20'
    ),
        
    (
        166,
        'Feeling Security Professor',
        5,
        'feeling-security-professor',
        'Worker that mouth wife life sister. Paper old player most operation television find. Something low matter leg debate notice event. Policy then practice ability beautiful long special. Military author country compare.',
        87.19,
        62,
        '2019-02-19 14:04:56',
        '2019-02-23 00:05:18'
    ),
        
    (
        167,
        'Why Country',
        3,
        'why-country',
        'Truth wish media line school. Center line window home mean stage.',
        59.85,
        4,
        '2019-03-26 00:38:49',
        '2019-03-26 15:41:18'
    ),
        
    (
        168,
        'Age Nothing Manage Play',
        4,
        'age-nothing-manage-play',
        'Film stuff television realize site on.',
        96.62,
        86,
        '2019-07-10 02:08:27',
        '2019-07-25 08:09:47'
    ),
        
    (
        169,
        'Big Science',
        1,
        'big-science',
        'Message reach tonight very. Garden task country almost. Wait development hand.',
        94.59,
        92,
        '2022-10-24 09:04:12',
        '2022-11-03 01:06:27'
    ),
        
    (
        170,
        'Sort Agreement Wonder',
        10,
        'sort-agreement-wonder',
        'Election item too teach sing. Attack size building to. Coach almost night. Six value toward hospital consider. Nice student too.',
        79.59,
        61,
        '2020-05-13 11:04:45',
        '2020-06-01 00:05:57'
    ),
        
    (
        171,
        'Future Direction Bill Five State',
        7,
        'future-direction-bill-five-state',
        'Move great offer claim arm science.',
        91.57,
        82,
        '2020-03-27 14:04:02',
        '2020-03-28 16:04:23'
    ),
        
    (
        172,
        'Water Mother Teach Speak Technology',
        8,
        'water-mother-teach-speak-technology',
        'Style no site present. Interesting before newspaper make. Improve smile card kid instead trip. Build protect learn begin.',
        14.96,
        62,
        '2020-06-08 07:25:09',
        '2020-06-17 12:29:52'
    ),
        
    (
        173,
        'Sport For Rich Federal Produce',
        10,
        'sport-for-rich-federal-produce',
        'Moment I wall yard late station answer could. Almost really pressure exist remember decade.',
        65.83,
        18,
        '2022-12-07 08:37:31',
        '2022-12-21 00:39:02'
    ),
        
    (
        174,
        'Know Author Wait Left Recognize',
        2,
        'know-author-wait-left-recognize',
        'Thus organization try. Choice country according let.',
        6.21,
        90,
        '2021-03-18 02:13:59',
        '2021-04-07 07:16:56'
    ),
        
    (
        175,
        'Somebody Fear Guess Anyone',
        8,
        'somebody-fear-guess-anyone',
        'Summer artist owner lay tend whose decide culture. Mrs bed foot recognize kitchen shoulder indeed.',
        7.29,
        3,
        '2019-11-01 05:04:18',
        '2019-11-14 02:08:03'
    ),
        
    (
        176,
        'See Song',
        2,
        'see-song',
        'Money great school. Newspaper however four city challenge. Another citizen society cause. Agent room I bring history.',
        25.33,
        78,
        '2020-11-17 09:08:35',
        '2020-11-21 04:12:38'
    ),
        
    (
        177,
        'Run Understand Process Sell Write',
        10,
        'run-understand-process-sell-write',
        'Medical born consumer collection probably that very author. Present international heavy meeting. Our maybe wife thus. Nature property total daughter relate give trouble.',
        82.65,
        92,
        '2019-05-18 18:57:27',
        '2019-05-29 04:59:18'
    ),
        
    (
        178,
        'Fire Through Yourself Rise',
        6,
        'fire-through-yourself-rise',
        'Allow various assume school wonder. Me including ago two agent that.',
        16.37,
        82,
        '2019-11-09 21:50:46',
        '2019-11-23 10:52:54'
    ),
        
    (
        179,
        'Fact Eight Including Provide Sometimes',
        2,
        'fact-eight-including-provide-sometimes',
        'Include bill point break. Crime international town stop.',
        49.97,
        1,
        '2022-01-30 13:12:25',
        '2022-02-03 07:16:35'
    ),
        
    (
        180,
        'Case Pick Computer Station',
        7,
        'case-pick-computer-station',
        'Space eight center theory certain forget gun. Happy operation road suggest painting create project. Garden middle production system everybody sister number.',
        30.90,
        44,
        '2022-09-13 19:55:03',
        '2022-09-27 07:56:14'
    ),
        
    (
        181,
        'Guy Bill Purpose As',
        9,
        'guy-bill-purpose-as',
        'Stand course begin so have very assume. Wall worry fund reduce personal evidence low.',
        49.03,
        89,
        '2023-04-07 17:17:16',
        '2023-04-16 03:21:55'
    ),
        
    (
        182,
        'Make Usually Kitchen Mean',
        9,
        'make-usually-kitchen-mean',
        'Fight against industry trade there expert thus work.',
        23.36,
        5,
        '2021-08-05 07:21:39',
        '2021-08-08 08:22:32'
    ),
        
    (
        183,
        'Sea Chair Place Identify',
        6,
        'sea-chair-place-identify',
        'Traditional decade describe social. Maybe forward think population voice.',
        61.25,
        69,
        '2022-04-02 05:17:28',
        '2022-04-21 00:17:57'
    ),
        
    (
        184,
        'Four Few Ok Yes Above',
        2,
        'four-few-ok-yes-above',
        'May war close we stage lay loss. Especially peace rate become option man. Property job also window analysis room large trial. Participant authority create her stage professor.',
        92.77,
        72,
        '2019-11-02 04:01:58',
        '2019-11-15 08:02:47'
    ),
        
    (
        185,
        'Guess Medical Writer',
        3,
        'guess-medical-writer',
        'Attorney prepare choice debate change strategy manager.',
        47.05,
        5,
        '2020-11-08 01:27:26',
        '2020-11-14 02:31:37'
    ),
        
    (
        186,
        'Evidence Their Rise',
        9,
        'evidence-their-rise',
        'House buy floor which with. Go race service most official. Hear much body but.',
        55.52,
        40,
        '2021-04-29 02:34:03',
        '2021-05-07 22:35:16'
    ),
        
    (
        187,
        'Against Reflect Lead Enjoy Life',
        8,
        'against-reflect-lead-enjoy-life',
        'Score experience rather young final against.',
        17.56,
        4,
        '2023-03-17 15:36:02',
        '2023-03-25 16:38:39'
    ),
        
    (
        188,
        'Difficult Response First',
        9,
        'difficult-response-first',
        'Land contain place brother individual between positive. Determine ok fire vote already accept face degree.',
        99.89,
        63,
        '2023-05-30 23:33:21',
        '2023-06-08 15:33:52'
    ),
        
    (
        189,
        'Enough Analysis Fast',
        10,
        'enough-analysis-fast',
        'Organization tax week boy avoid me. Check interest future. Brother let technology good oil message. Blue land task serve authority affect unit doctor.',
        40.87,
        67,
        '2020-11-08 23:38:50',
        '2020-11-16 16:41:18'
    ),
        
    (
        190,
        'Mr Professional Wish Too Population',
        9,
        'mr-professional-wish-too-population',
        'Must final stand act. Big business husband carry large agency.',
        50.18,
        8,
        '2021-06-09 17:29:16',
        '2021-06-22 04:30:09'
    ),
        
    (
        191,
        'Media Letter Kitchen',
        6,
        'media-letter-kitchen',
        'Voice young ok whatever hand scientist need. Figure entire why picture bag training. Reach involve lawyer there hear. Analysis official accept view industry.',
        41.62,
        71,
        '2019-01-19 12:43:15',
        '2019-01-26 15:47:27'
    ),
        
    (
        192,
        'Heart Remember',
        8,
        'heart-remember',
        'Likely American wife set sister upon allow.',
        63.32,
        5,
        '2020-10-28 02:50:26',
        '2020-11-15 04:54:39'
    ),
        
    (
        193,
        'Property Real',
        3,
        'property-real',
        'Area before away American.',
        17.65,
        99,
        '2020-01-23 20:54:30',
        '2020-01-25 10:57:25'
    ),
        
    (
        194,
        'Already Usually',
        2,
        'already-usually',
        'Eight eye image Mrs some reflect. Religious thank wish analysis someone back.',
        52.03,
        64,
        '2020-07-18 15:21:13',
        '2020-07-21 16:23:32'
    ),
        
    (
        195,
        'Fund See',
        6,
        'fund-see',
        'Husband produce girl measure heart. Song show case modern poor end.',
        47.75,
        49,
        '2020-12-30 13:52:40',
        '2021-01-05 19:53:31'
    ),
        
    (
        196,
        'Federal Defense Employee Professor Voice',
        9,
        'federal-defense-employee-professor-voice',
        'Ground site then church.',
        26.51,
        6,
        '2019-10-29 20:48:38',
        '2019-10-31 18:49:09'
    ),
        
    (
        197,
        'Dog Rock Road Mrs Media',
        6,
        'dog-rock-road-mrs-media',
        'Use various month production improve. Final simply central buy table. Kind force myself decide.',
        25.27,
        29,
        '2020-06-04 02:16:04',
        '2020-06-05 08:16:57'
    ),
        
    (
        198,
        'We Less',
        8,
        'we-less',
        'Different subject within support realize early quality better. Improve sign need likely prevent.',
        29.88,
        56,
        '2022-06-10 18:40:27',
        '2022-06-25 00:42:25'
    ),
        
    (
        199,
        'Girl Sometimes',
        8,
        'girl-sometimes',
        'Own guy school environment quickly.',
        96.51,
        84,
        '2020-02-22 06:06:44',
        '2020-02-29 18:08:51'
    ),
        
    (
        200,
        'Manage Rich Report Itself Skin',
        6,
        'manage-rich-report-itself-skin',
        'Myself experience identify about. Close life door candidate lot sort newspaper national.',
        67.14,
        71,
        '2020-06-22 13:37:36',
        '2020-07-03 11:37:40'
    ),
        
    (
        201,
        'Off Never Yard',
        3,
        'off-never-yard',
        'Southern ago outside age fly. Process admit strategy red play half even. Prepare value option space family everybody.',
        41.61,
        75,
        '2022-05-19 03:24:34',
        '2022-06-07 22:26:34'
    ),
        
    (
        202,
        'Window Affect Method Too',
        6,
        'window-affect-method-too',
        'Really bring sort. Glass family item friend single.',
        88.96,
        84,
        '2020-04-12 05:13:44',
        '2020-04-25 19:15:25'
    ),
        
    (
        203,
        'Song Fill Rate True Contain',
        8,
        'song-fill-rate-true-contain',
        'Improve although ball decision character. Lay create hold note month really. Degree Democrat somebody yourself mother network.',
        13.12,
        46,
        '2021-07-24 04:11:10',
        '2021-08-06 14:13:03'
    ),
        
    (
        204,
        'Large Age',
        4,
        'large-age',
        'Recent include stop. Society teach sometimes message.',
        2.19,
        2,
        '2021-05-20 21:33:14',
        '2021-06-06 10:35:31'
    ),
        
    (
        205,
        'Themselves Staff Once Scene Image',
        7,
        'themselves-staff-once-scene-image',
        'Yard compare improve hair painting. Time though worry simply book give indicate stuff. Although any coach change computer.',
        36.82,
        24,
        '2021-01-17 06:46:55',
        '2021-02-03 09:51:31'
    ),
        
    (
        206,
        'West Feel Computer',
        8,
        'west-feel-computer',
        'Let whose reach evening beautiful be.',
        37.09,
        30,
        '2022-09-21 10:18:59',
        '2022-09-23 14:19:28'
    ),
        
    (
        207,
        'Impact Receive Accept',
        5,
        'impact-receive-accept',
        'Color prepare run oil national size address.',
        14.67,
        17,
        '2023-04-16 00:16:52',
        '2023-04-16 23:20:04'
    ),
        
    (
        208,
        'Maintain Few',
        1,
        'maintain-few',
        'Remain play receive.',
        49.43,
        61,
        '2020-09-16 14:31:11',
        '2020-09-18 04:34:27'
    ),
        
    (
        209,
        'Interest Show Forget According',
        7,
        'interest-show-forget-according',
        'Staff rich check everybody a. More situation society state much. Back become assume. Fly public house put. Raise carry far no white politics type.',
        96.56,
        3,
        '2020-08-29 16:51:39',
        '2020-08-31 12:53:00'
    ),
        
    (
        210,
        'Start Example',
        5,
        'start-example',
        'Reach carry consumer together across present before model.',
        1.24,
        90,
        '2022-11-22 00:02:16',
        '2022-12-09 21:05:06'
    ),
        
    (
        211,
        'International Record How Personal',
        1,
        'international-record-how-personal',
        'Go national only than boy nearly author.',
        1.07,
        93,
        '2020-10-14 19:35:05',
        '2020-11-04 11:39:00'
    ),
        
    (
        212,
        'Could Blue Ten',
        2,
        'could-blue-ten',
        'Hour during local blood without. Act organization miss hundred.',
        25.99,
        63,
        '2019-12-02 02:07:17',
        '2019-12-04 11:10:33'
    ),
        
    (
        213,
        'Main Mean Meet Main',
        10,
        'main-mean-meet-main',
        'Hot situation author occur speak no consumer worry. Civil agency determine ahead city chair style. East provide certain.',
        1.43,
        51,
        '2019-05-08 13:32:38',
        '2019-05-25 01:35:58'
    ),
        
    (
        214,
        'Building Especially Chance',
        5,
        'building-especially-chance',
        'Only less she church. Lose quickly prove central student. Southern thought certainly listen ago meeting baby.',
        71.20,
        2,
        '2022-09-02 10:05:23',
        '2022-09-21 00:06:11'
    ),
        
    (
        215,
        'Least Land Think Address',
        3,
        'least-land-think-address',
        'Place citizen return view share measure opportunity.',
        65.16,
        72,
        '2019-05-16 18:26:59',
        '2019-05-18 23:29:56'
    ),
        
    (
        216,
        'Reach Nearly Public Anything',
        9,
        'reach-nearly-public-anything',
        'Board hard appear old price American.',
        79.07,
        85,
        '2020-04-03 01:01:36',
        '2020-04-11 06:03:16'
    ),
        
    (
        217,
        'Up Because Health If Avoid',
        4,
        'up-because-health-if-avoid',
        'Southern quality positive entire teach serve oil. Recognize safe hot agree ability. Fine development imagine film information democratic.',
        78.78,
        17,
        '2022-01-22 04:06:13',
        '2022-02-07 08:08:06'
    ),
        
    (
        218,
        'Save Here Report Hard Thing',
        1,
        'save-here-report-hard-thing',
        'Mrs anyone say and front new increase.',
        92.13,
        77,
        '2021-11-14 07:50:01',
        '2021-11-29 13:54:50'
    ),
        
    (
        219,
        'Whose Apply Nice Can Hair',
        3,
        'whose-apply-nice-can-hair',
        'Sort city word admit laugh. Hair guy source interview forget price pay.',
        88.71,
        71,
        '2023-04-03 07:29:14',
        '2023-04-05 19:32:23'
    ),
        
    (
        220,
        'Security Service Provide Short Expert',
        9,
        'security-service-provide-short-expert',
        'Likely minute ten same. Account those air item place whether.',
        17.02,
        3,
        '2019-12-18 15:17:45',
        '2020-01-03 17:21:19'
    ),
        
    (
        221,
        'Task Feeling Official Down',
        8,
        'task-feeling-official-down',
        'Dark his similar various house individual. Sell several serve their husband up indicate. Play others language method fast bill majority thought. Old present suddenly both everything threat. No face clearly remember.',
        26.29,
        27,
        '2021-02-11 06:44:25',
        '2021-03-02 19:45:33'
    ),
        
    (
        222,
        'Produce Program West Eight Life',
        4,
        'produce-program-west-eight-life',
        'Appear imagine record section drive foot here loss.',
        74.68,
        55,
        '2019-01-24 07:31:53',
        '2019-02-09 04:35:38'
    ),
        
    (
        223,
        'Around Dinner',
        5,
        'around-dinner',
        'Provide expect explain message international join. Tv national a police cut space commercial.',
        40.96,
        87,
        '2022-11-24 06:52:04',
        '2022-11-28 19:52:55'
    ),
        
    (
        224,
        'Myself Clear Opportunity',
        1,
        'myself-clear-opportunity',
        'Number picture staff very coach begin on through.',
        4.58,
        16,
        '2022-08-17 07:13:27',
        '2022-08-23 18:14:26'
    ),
        
    (
        225,
        'Pay Help Thought White Increase',
        9,
        'pay-help-thought-white-increase',
        'Option beyond material time.',
        85.45,
        1,
        '2020-06-27 16:44:13',
        '2020-07-07 00:46:53'
    ),
        
    (
        226,
        'Apply Better Yard Town Experience',
        7,
        'apply-better-yard-town-experience',
        'Production cost wait hard. Machine former issue. Should before scientist nation anything onto theory.',
        95.42,
        3,
        '2019-09-21 09:42:54',
        '2019-10-09 06:45:45'
    ),
        
    (
        227,
        'Health Rich Girl Trouble',
        6,
        'health-rich-girl-trouble',
        'More who brother war. Win deal look manage occur if campaign.',
        83.45,
        41,
        '2020-12-22 03:53:04',
        '2021-01-08 07:55:44'
    ),
        
    (
        228,
        'Region Piece Service',
        7,
        'region-piece-service',
        'Goal another week table else itself next. Foot stuff middle I. Understand politics new coach amount. Woman garden explain drop policy.',
        35.07,
        36,
        '2019-03-15 21:43:36',
        '2019-03-26 02:45:01'
    ),
        
    (
        229,
        'Despite Bill Program Deal',
        3,
        'despite-bill-program-deal',
        'Production forget operation risk. Together money season. Establish in meet behavior budget would treatment.',
        28.69,
        15,
        '2020-02-07 12:15:42',
        '2020-02-09 13:17:18'
    ),
        
    (
        230,
        'Cover Business Him Current Citizen',
        6,
        'cover-business-him-current-citizen',
        'Direction half near gun sort heavy. Teacher gun change card night go. Film on page already maintain.',
        67.41,
        52,
        '2019-03-09 04:11:15',
        '2019-03-18 04:11:28'
    ),
        
    (
        231,
        'Teach Computer',
        1,
        'teach-computer',
        'Management reach simple become able happen history high. Can concern seem management. Day fear significant lead official. Effort usually name respond physical.',
        11.92,
        13,
        '2022-07-01 15:59:20',
        '2022-07-08 00:59:45'
    ),
        
    (
        232,
        'Care Source Deal Whose',
        10,
        'care-source-deal-whose',
        'Fast open hair true special remember whole.',
        88.82,
        62,
        '2022-02-24 07:52:05',
        '2022-03-16 12:52:50'
    ),
        
    (
        233,
        'Indicate Fire Stay',
        10,
        'indicate-fire-stay',
        'Push through write front Republican. Debate interesting admit old collection less surface. Unit hair threat century. Room future meet federal job education light. Become may network policy green home discover.',
        24.69,
        63,
        '2019-09-23 09:31:57',
        '2019-10-06 08:33:28'
    ),
        
    (
        234,
        'Start Either Enjoy',
        1,
        'start-either-enjoy',
        'Event within hit director human security apply. Reach those others story also whole crime bill.',
        56.62,
        30,
        '2019-09-22 00:15:57',
        '2019-10-03 00:17:47'
    ),
        
    (
        235,
        'Just Wide Small',
        5,
        'just-wide-small',
        'Report its entire church pick three contain. Nor represent increase question light rule response. Against tree degree war tough usually nearly. Indicate plan catch tend kind teacher shake. Participant bring at relationship safe perhaps lay fact.',
        54.95,
        89,
        '2020-01-18 17:10:02',
        '2020-02-02 18:12:43'
    ),
        
    (
        236,
        'Church Several',
        10,
        'church-several',
        'Focus method foot cell successful. Even series body despite five attack clear another. Only later remember tonight.',
        59.37,
        83,
        '2019-04-26 16:04:44',
        '2019-04-28 18:06:55'
    ),
        
    (
        237,
        'Job Team Reach Prevent',
        10,
        'job-team-reach-prevent',
        'Issue go option professor beat.',
        12.52,
        82,
        '2023-03-14 18:58:10',
        '2023-04-01 14:01:41'
    ),
        
    (
        238,
        'Religious Sea Middle',
        4,
        'religious-sea-middle',
        'Draw bag sell none cover. Near growth ask fall. Public form himself add. Quite tonight participant place.',
        56.69,
        21,
        '2021-03-22 15:34:01',
        '2021-03-24 01:37:51'
    ),
        
    (
        239,
        'Able Detail',
        6,
        'able-detail',
        'Both we majority structure herself another thank total.',
        82.26,
        51,
        '2022-10-19 12:10:50',
        '2022-10-30 12:14:17'
    ),
        
    (
        240,
        'Lose Course Price',
        5,
        'lose-course-price',
        'Good service which consumer national right color.',
        75.99,
        83,
        '2020-04-14 05:32:52',
        '2020-04-24 12:35:23'
    ),
        
    (
        241,
        'Garden View',
        9,
        'garden-view',
        'Sign sea head trade. Reduce hit tell benefit contain camera. Single answer painting example.',
        28.55,
        24,
        '2019-12-07 19:20:43',
        '2019-12-14 23:23:52'
    ),
        
    (
        242,
        'Almost Sort',
        7,
        'almost-sort',
        'Prevent within popular cell pretty realize memory work. Long western indeed artist. Manage let office last.',
        35.98,
        16,
        '2021-05-09 23:14:21',
        '2021-05-20 04:18:30'
    ),
        
    (
        243,
        'Computer Five Effort',
        8,
        'computer-five-effort',
        'Suddenly government suddenly most main lawyer data why. Peace hope wear loss. Idea under blood those board.',
        52.85,
        54,
        '2020-03-19 18:33:09',
        '2020-04-07 04:37:11'
    ),
        
    (
        244,
        'Able Accept Particular Hold',
        7,
        'able-accept-particular-hold',
        'Moment yourself huge control. Between mean after stand method give together. Away wear project.',
        81.57,
        42,
        '2023-01-25 23:44:55',
        '2023-02-13 14:45:47'
    ),
        
    (
        245,
        'Realize At Guess Certainly Public',
        6,
        'realize-at-guess-certainly-public',
        'Buy reflect interview upon break hear how war.',
        87.16,
        64,
        '2020-08-23 13:31:12',
        '2020-08-25 04:35:35'
    ),
        
    (
        246,
        'Vote Play Leave Wind Material',
        6,
        'vote-play-leave-wind-material',
        'International tonight try type foot toward hit national.',
        50.76,
        85,
        '2020-06-28 05:38:15',
        '2020-07-03 06:40:54'
    ),
        
    (
        247,
        'Significant Car Last Structure Again',
        3,
        'significant-car-last-structure-again',
        'Himself career film report choose improve. Eye stuff nation. Show myself response a very west interesting interesting. Give office federal analysis. Treat whom determine.',
        54.39,
        95,
        '2019-09-30 21:52:27',
        '2019-10-16 00:53:29'
    ),
        
    (
        248,
        'Environment Reason Group Husband',
        2,
        'environment-reason-group-husband',
        'High fish easy assume do success person.',
        86.93,
        39,
        '2022-09-09 22:07:05',
        '2022-09-11 04:10:22'
    ),
        
    (
        249,
        'Fill Special',
        7,
        'fill-special',
        'Indeed worker tend.',
        25.41,
        82,
        '2021-02-13 01:44:37',
        '2021-02-13 02:47:52'
    ),
        
    (
        250,
        'Act Popular',
        7,
        'act-popular',
        'Toward night red close south subject case. This religious wish education however.',
        45.15,
        93,
        '2020-08-03 09:08:28',
        '2020-08-19 11:09:20'
    ),
        
    (
        251,
        'List Particularly',
        10,
        'list-particularly',
        'No really image a enough various foreign. Tv bit while nearly heavy thing general. Section paper open network view free evening.',
        31.98,
        28,
        '2022-10-27 19:19:38',
        '2022-11-08 13:20:16'
    ),
        
    (
        252,
        'Current Third Kind',
        1,
        'current-third-kind',
        'Customer meeting help guy do.',
        37.43,
        99,
        '2020-06-09 11:37:14',
        '2020-06-11 18:39:00'
    ),
        
    (
        253,
        'Trial Fly',
        8,
        'trial-fly',
        'Week trial arrive heart keep onto avoid.',
        65.97,
        59,
        '2021-02-03 06:41:06',
        '2021-02-15 17:41:13'
    ),
        
    (
        254,
        'Morning Picture Book Future',
        10,
        'morning-picture-book-future',
        'Determine option base seven look.',
        40.61,
        29,
        '2021-10-14 13:34:12',
        '2021-10-29 19:36:43'
    ),
        
    (
        255,
        'Foot Television Million',
        3,
        'foot-television-million',
        'Notice authority crime early.',
        83.04,
        48,
        '2019-08-28 11:31:17',
        '2019-08-30 15:35:16'
    ),
        
    (
        256,
        'Appear Blue Wrong Soon',
        3,
        'appear-blue-wrong-soon',
        'Answer officer expert there capital week.',
        66.87,
        16,
        '2019-12-04 11:19:14',
        '2019-12-22 06:21:37'
    ),
        
    (
        257,
        'Teach Police Down Card',
        2,
        'teach-police-down-card',
        'Stand turn point of. Just great born science media.',
        54.11,
        41,
        '2020-09-17 04:43:54',
        '2020-09-19 07:47:23'
    ),
        
    (
        258,
        'Hot Teacher',
        9,
        'hot-teacher',
        'Put whatever music worry democratic daughter wonder.',
        92.03,
        88,
        '2020-06-21 10:24:38',
        '2020-06-28 23:29:30'
    ),
        
    (
        259,
        'Long Security Range Either',
        2,
        'long-security-range-either',
        'Process movement moment consumer. Mother be recognize himself wide can short. Son specific two wonder scene politics your clearly. Game station front mission cultural one.',
        38.01,
        57,
        '2020-12-16 22:22:15',
        '2020-12-22 06:22:32'
    ),
        
    (
        260,
        'Cut Add Trial East',
        7,
        'cut-add-trial-east',
        'All kitchen serve effect speak still alone.',
        71.82,
        56,
        '2020-01-22 02:20:15',
        '2020-01-29 17:22:26'
    ),
        
    (
        261,
        'Inside Firm Mouth Employee Woman',
        10,
        'inside-firm-mouth-employee-woman',
        'Line that choice. Smile plant president.',
        20.51,
        69,
        '2020-06-30 19:57:14',
        '2020-07-15 18:00:43'
    ),
        
    (
        262,
        'Why Sort Health See I',
        3,
        'why-sort-health-see-i',
        'Political commercial carry central. Growth herself prepare sort question. Fear set itself network development forward effort carry.',
        66.35,
        87,
        '2019-10-05 08:29:36',
        '2019-10-23 23:33:54'
    ),
        
    (
        263,
        'Rather Rich Although',
        5,
        'rather-rich-although',
        'Final participant suggest wife ask.',
        18.15,
        76,
        '2019-03-03 10:48:11',
        '2019-03-08 21:52:58'
    ),
        
    (
        264,
        'Institution Camera Exist',
        7,
        'institution-camera-exist',
        'Above market staff good. Notice he quickly. Skin cause reality care travel under. Others develop where learn. Prove tend summer model.',
        40.33,
        97,
        '2021-08-18 14:18:12',
        '2021-08-20 05:21:02'
    ),
        
    (
        265,
        'Action Next',
        4,
        'action-next',
        'Relationship turn next animal. Church get toward face institution direction. Sport husband those account.',
        24.29,
        44,
        '2021-05-27 01:40:53',
        '2021-06-05 16:45:35'
    ),
        
    (
        266,
        'Beat Likely',
        5,
        'beat-likely',
        'Financial act small.',
        56.86,
        53,
        '2021-06-13 16:37:37',
        '2021-06-24 18:39:00'
    ),
        
    (
        267,
        'Add Responsibility Activity Country',
        4,
        'add-responsibility-activity-country',
        'Security item project unit fight. Same figure without herself. Size other form table hope hot involve.',
        11.26,
        58,
        '2021-02-03 15:50:45',
        '2021-02-10 18:53:27'
    ),
        
    (
        268,
        'Upon Order',
        6,
        'upon-order',
        'Yet look foreign development street common read. Product who central stay eight. Another keep plant themselves.',
        57.21,
        15,
        '2019-11-21 05:13:25',
        '2019-12-08 06:14:03'
    ),
        
    (
        269,
        'Of Single Various Election Find',
        5,
        'of-single-various-election-find',
        'Radio piece director soldier tough. Back dinner tree identify sound how phone camera. Upon lead plan war friend house red.',
        47.44,
        28,
        '2022-09-26 02:24:27',
        '2022-09-28 01:26:21'
    ),
        
    (
        270,
        'Every Learn',
        3,
        'every-learn',
        'Mr someone offer first office say.',
        48.32,
        88,
        '2021-09-22 09:47:14',
        '2021-10-08 13:48:49'
    ),
        
    (
        271,
        'Season Kitchen',
        9,
        'season-kitchen',
        'Kid baby staff reveal feel. Statement point easy hear build fund issue. None relate prevent prevent candidate indicate account. Sense difficult very maintain at name.',
        58.49,
        73,
        '2022-05-13 09:13:39',
        '2022-05-28 15:17:36'
    ),
        
    (
        272,
        'If Not Under Day',
        4,
        'if-not-under-day',
        'Evidence determine executive woman even cut note.',
        1.27,
        78,
        '2019-03-08 06:40:45',
        '2019-03-19 18:40:50'
    ),
        
    (
        273,
        'Four Own Price',
        3,
        'four-own-price',
        'Accept myself plan major.',
        15.99,
        9,
        '2022-06-07 01:05:51',
        '2022-06-11 08:08:29'
    ),
        
    (
        274,
        'Herself Him Major',
        2,
        'herself-him-major',
        'West development option great. Popular for likely series audience resource view. Friend much movie ok sure bad force meeting.',
        54.39,
        13,
        '2023-01-06 17:52:25',
        '2023-01-14 19:52:44'
    ),
        
    (
        275,
        'Walk Own Together',
        8,
        'walk-own-together',
        'Person determine product trouble system hit. Floor available city opportunity surface position person.',
        70.20,
        11,
        '2020-11-01 17:45:52',
        '2020-11-02 08:47:25'
    ),
        
    (
        276,
        'Company Oil Half Relationship',
        10,
        'company-oil-half-relationship',
        'Street run hospital easy natural school. Relationship free result wind open. Ability face speech out anything successful firm. Rate color matter car. Sign wife table speech.',
        43.05,
        7,
        '2019-03-05 03:13:11',
        '2019-03-18 06:15:38'
    ),
        
    (
        277,
        'Act Big Year',
        2,
        'act-big-year',
        'Morning Democrat option we end miss million. Will than whose mother truth catch. Wear easy store audience. Until firm play special professor current try.',
        9.20,
        49,
        '2020-06-22 04:53:38',
        '2020-06-28 04:56:59'
    ),
        
    (
        278,
        'Reduce Eat Truth',
        1,
        'reduce-eat-truth',
        'Owner institution action pattern dinner. Natural executive summer require.',
        77.64,
        54,
        '2019-12-23 20:31:50',
        '2020-01-01 15:32:39'
    ),
        
    (
        279,
        'Heavy That Foreign Media Official',
        2,
        'heavy-that-foreign-media-official',
        'Cultural myself strong view necessary.',
        21.16,
        16,
        '2019-04-26 06:12:48',
        '2019-05-13 19:15:12'
    ),
        
    (
        280,
        'Anyone Price Green',
        10,
        'anyone-price-green',
        'Let nearly red unit bill common gun charge.',
        63.25,
        81,
        '2021-05-24 22:07:06',
        '2021-05-30 15:07:49'
    ),
        
    (
        281,
        'Quality Step Analysis',
        8,
        'quality-step-analysis',
        'Represent front better save save southern item down. Drop later card fine expect trip miss himself.',
        43.58,
        57,
        '2022-10-19 14:56:57',
        '2022-11-03 18:58:02'
    ),
        
    (
        282,
        'Economic In Into',
        6,
        'economic-in-into',
        'Out everyone dream structure.',
        6.49,
        11,
        '2022-02-28 16:34:03',
        '2022-03-05 11:35:41'
    ),
        
    (
        283,
        'Measure Use',
        8,
        'measure-use',
        'Worry production especially rate important during.',
        14.06,
        7,
        '2019-05-20 21:38:03',
        '2019-06-08 05:42:26'
    ),
        
    (
        284,
        'Clear Dream Around Word',
        3,
        'clear-dream-around-word',
        'Character have lot decade. Must table maintain himself positive dog common.',
        50.89,
        51,
        '2022-05-09 13:25:17',
        '2022-05-13 08:27:37'
    ),
        
    (
        285,
        'Side Sell',
        10,
        'side-sell',
        'Hundred practice know there.',
        27.29,
        54,
        '2019-07-19 09:38:12',
        '2019-08-06 22:42:05'
    ),
        
    (
        286,
        'Majority Wear',
        9,
        'majority-wear',
        'Change buy already environmental anything. Its public the put.',
        67.21,
        32,
        '2021-08-09 03:46:43',
        '2021-08-26 22:51:21'
    ),
        
    (
        287,
        'Development Fall Truth',
        10,
        'development-fall-truth',
        'Entire what remember control including although. Quickly assume a agent team seem. Behavior forward natural onto various.',
        81.83,
        22,
        '2022-10-24 17:56:36',
        '2022-10-25 13:59:52'
    ),
        
    (
        288,
        'Only After',
        6,
        'only-after',
        'Civil opportunity two person region age. Support two management smile opportunity daughter born today.',
        91.99,
        38,
        '2022-06-20 09:32:42',
        '2022-06-21 14:33:54'
    ),
        
    (
        289,
        'Person Marriage Million Measure Form',
        9,
        'person-marriage-million-measure-form',
        'Civil outside individual also sing.',
        61.72,
        67,
        '2019-04-12 08:19:35',
        '2019-04-13 22:24:15'
    ),
        
    (
        290,
        'News Evidence Agent',
        9,
        'news-evidence-agent',
        'Onto market traditional soon course protect.',
        29.91,
        60,
        '2020-11-08 18:57:03',
        '2020-11-10 09:57:10'
    ),
        
    (
        291,
        'Take Road Show',
        4,
        'take-road-show',
        'Interest close president walk however. Be painting scene ago take condition bar.',
        26.86,
        32,
        '2022-01-01 01:37:19',
        '2022-01-20 20:38:07'
    ),
        
    (
        292,
        'Whole Social Into',
        3,
        'whole-social-into',
        'Project that generation send create. Edge great suddenly continue second. Interview choose serve mother such half. Vote according kind.',
        3.35,
        99,
        '2020-08-01 08:57:26',
        '2020-08-16 13:59:39'
    ),
        
    (
        293,
        'While Style Piece Say',
        2,
        'while-style-piece-say',
        'Record life deal little. Senior turn study effect ok stuff general. Home region be beat it. Move mouth pay blue. Other pattern nature check brother state.',
        54.66,
        89,
        '2019-08-26 20:04:55',
        '2019-09-02 23:08:12'
    ),
        
    (
        294,
        'These Least Degree',
        10,
        'these-least-degree',
        'Value audience play region. Like billion care likely reality. Building about high laugh head identify.',
        68.81,
        88,
        '2023-05-16 23:11:58',
        '2023-05-24 01:15:36'
    ),
        
    (
        295,
        'Street Sport Face Someone',
        10,
        'street-sport-face-someone',
        'Spend away wonder house rest care save.',
        89.82,
        3,
        '2022-05-13 09:04:01',
        '2022-05-29 21:07:58'
    ),
        
    (
        296,
        'Collection Degree State Me',
        1,
        'collection-degree-state-me',
        'Trouble office yeah world worry his same. Short painting best movie four third.',
        91.90,
        34,
        '2021-05-23 00:11:54',
        '2021-06-08 21:15:59'
    ),
        
    (
        297,
        'Population Fear Ever Sister Star',
        3,
        'population-fear-ever-sister-star',
        'Pass board fear next statement.',
        78.87,
        11,
        '2021-05-23 23:59:02',
        '2021-06-08 06:59:31'
    ),
        
    (
        298,
        'Green Station Prevent Sing Many',
        5,
        'green-station-prevent-sing-many',
        'Goal after some able specific water case reduce.',
        61.99,
        1,
        '2019-11-15 18:51:05',
        '2019-11-22 17:51:58'
    ),
        
    (
        299,
        'Size Imagine',
        2,
        'size-imagine',
        'Either mouth pick.',
        58.77,
        25,
        '2022-04-07 09:35:35',
        '2022-04-16 11:35:41'
    ),
        
    (
        300,
        'Me Him Poor Walk',
        10,
        'me-him-poor-walk',
        'Them news personal coach ability nice. Piece better role among police. Star herself give mind increase various remember. Case modern forward deal hot answer. List arrive attorney mean draw.',
        93.92,
        76,
        '2021-11-11 09:14:44',
        '2021-11-15 18:17:42'
    ),
        
    (
        301,
        'Official Thus Activity Sense',
        4,
        'official-thus-activity-sense',
        'Indeed man stage thus degree.',
        4.22,
        83,
        '2019-03-25 06:03:53',
        '2019-03-30 12:07:00'
    ),
        
    (
        302,
        'Culture Task',
        10,
        'culture-task',
        'Past collection thing difference music century federal. Building focus instead today power. Reduce indicate social same. Next require concern. Letter trade little city finally.',
        4.62,
        59,
        '2019-06-27 22:31:28',
        '2019-07-06 05:34:35'
    ),
        
    (
        303,
        'More Better Chair Democratic',
        8,
        'more-better-chair-democratic',
        'Clear reveal land happen according too itself ever. Popular action image total.',
        17.82,
        46,
        '2020-06-12 23:39:23',
        '2020-06-30 04:43:18'
    ),
        
    (
        304,
        'Task Laugh Family Force Through',
        1,
        'task-laugh-family-force-through',
        'Land nation article tax certain consider. Else board bed kid animal summer. Create window scientist appear.',
        32.81,
        45,
        '2021-10-04 01:32:14',
        '2021-10-14 00:36:54'
    ),
        
    (
        305,
        'Writer Director Matter',
        8,
        'writer-director-matter',
        'Pass little sport writer.',
        14.38,
        70,
        '2023-03-29 20:05:26',
        '2023-04-11 23:05:33'
    ),
        
    (
        306,
        'Wonder Your',
        1,
        'wonder-your',
        'Result foot billion adult offer himself sense avoid. Western manager technology eat if every. Instead human common although.',
        53.78,
        24,
        '2021-03-15 16:02:04',
        '2021-03-17 19:06:30'
    ),
        
    (
        307,
        'Mission Of Paper Others Feeling',
        10,
        'mission-of-paper-others-feeling',
        'Suddenly join child someone. Congress rule increase someone approach story. Remain hospital society million opportunity beyond above.',
        20.70,
        4,
        '2020-09-09 20:41:31',
        '2020-09-24 20:42:30'
    ),
        
    (
        308,
        'Manage History Population',
        10,
        'manage-history-population',
        'Heavy school them nothing together few sense.',
        82.76,
        96,
        '2021-03-24 18:14:43',
        '2021-03-27 08:19:43'
    ),
        
    (
        309,
        'Fly Hand Father Role',
        3,
        'fly-hand-father-role',
        'Exactly check indeed yet.',
        51.93,
        14,
        '2021-02-18 05:49:13',
        '2021-03-06 11:53:46'
    ),
        
    (
        310,
        'Month Short',
        3,
        'month-short',
        'Here thank bill history pressure guess. Wear minute those safe bill father allow. Middle computer above born. List serious act performance.',
        60.39,
        46,
        '2021-09-13 22:57:24',
        '2021-10-04 06:00:53'
    ),
        
    (
        311,
        'Wrong Avoid',
        3,
        'wrong-avoid',
        'Lead field country. Instead approach future run there site. Language court choice live financial far. Large employee gun by town spring. Later current industry past store.',
        87.29,
        88,
        '2022-06-07 18:59:20',
        '2022-06-24 22:03:02'
    ),
        
    (
        312,
        'Article Meet',
        2,
        'article-meet',
        'Turn parent green federal skill. Tell here same according between push body news.',
        34.78,
        3,
        '2022-01-10 15:58:36',
        '2022-01-25 22:01:26'
    ),
        
    (
        313,
        'Behind Bad',
        2,
        'behind-bad',
        'Happen management onto realize owner reach. House audience could sell blue item. True sound evening history yet power build.',
        93.11,
        57,
        '2019-09-09 18:39:05',
        '2019-09-11 08:41:54'
    ),
        
    (
        314,
        'Car Hope Evening',
        2,
        'car-hope-evening',
        'Participant week similar couple. Material cause decide section. Show compare be.',
        88.64,
        77,
        '2020-02-13 10:25:39',
        '2020-02-22 08:29:17'
    ),
        
    (
        315,
        'Personal Increase',
        7,
        'personal-increase',
        'Serve cultural truth in without. Customer trade believe action remember. Girl enjoy guy eat type little. Street even second value decision woman save.',
        77.45,
        9,
        '2020-10-27 10:03:09',
        '2020-11-15 18:05:09'
    ),
        
    (
        316,
        'This Exactly Conference',
        7,
        'this-exactly-conference',
        'Into challenge national candidate prevent among.',
        25.90,
        96,
        '2020-01-29 09:47:26',
        '2020-02-06 13:52:13'
    ),
        
    (
        317,
        'Explain Performance Kind Woman Could',
        1,
        'explain-performance-kind-woman-could',
        'Mind follow consumer shoulder stuff raise. Determine style have outside likely one politics.',
        30.89,
        25,
        '2023-02-04 05:52:38',
        '2023-02-11 17:55:04'
    ),
        
    (
        318,
        'Decision Among They Argue',
        6,
        'decision-among-they-argue',
        'Hour whatever sit represent responsibility mean.',
        28.06,
        83,
        '2020-08-27 04:28:16',
        '2020-09-15 07:33:15'
    ),
        
    (
        319,
        'Money Police Citizen Join Take',
        2,
        'money-police-citizen-join-take',
        'Congress stop go can. Within deal line kind.',
        28.14,
        34,
        '2023-01-13 01:32:21',
        '2023-01-26 16:34:44'
    ),
        
    (
        320,
        'Explain Concern Clearly New College',
        8,
        'explain-concern-clearly-new-college',
        'Foot trouble college discussion team. Decision he fire. Political discover sport artist management should sound Republican. Glass life all most memory soon.',
        79.55,
        51,
        '2022-12-13 17:15:01',
        '2022-12-22 13:19:21'
    ),
        
    (
        321,
        'Yeah Real However Hard Also',
        6,
        'yeah-real-however-hard-also',
        'Agree between one age top arrive. Term knowledge these per follow.',
        2.23,
        44,
        '2020-03-02 07:03:12',
        '2020-03-21 07:04:53'
    ),
        
    (
        322,
        'Something Factor Tend Concern',
        8,
        'something-factor-tend-concern',
        'Research before their authority technology necessary light.',
        31.06,
        59,
        '2022-10-09 02:48:25',
        '2022-10-15 03:52:59'
    ),
        
    (
        323,
        'Perform Pass Professor Image Charge',
        2,
        'perform-pass-professor-image-charge',
        'Camera travel no piece could company attention.',
        51.30,
        49,
        '2020-09-04 09:43:00',
        '2020-09-09 01:45:47'
    ),
        
    (
        324,
        'Stop Other Line',
        1,
        'stop-other-line',
        'Media smile administration prevent list prevent across region. Push less present find bed. Employee woman oil do similar.',
        62.86,
        68,
        '2019-03-16 01:20:54',
        '2019-03-16 16:23:11'
    ),
        
    (
        325,
        'Deep Gas Might',
        10,
        'deep-gas-might',
        'Threat recent improve probably fast. Dark describe half society. Trouble west professional will girl threat research anything.',
        84.90,
        1,
        '2022-07-01 10:32:39',
        '2022-07-14 05:37:11'
    ),
        
    (
        326,
        'Look Back',
        7,
        'look-back',
        'Scientist protect sign act.',
        66.58,
        99,
        '2020-02-17 22:30:40',
        '2020-03-05 19:33:38'
    ),
        
    (
        327,
        'Next Spring',
        1,
        'next-spring',
        'Increase church friend friend.',
        18.81,
        70,
        '2020-01-27 23:55:48',
        '2020-01-29 14:57:58'
    ),
        
    (
        328,
        'Ago Air How Commercial',
        7,
        'ago-air-how-commercial',
        'Language arrive morning.',
        21.45,
        97,
        '2020-08-02 21:35:57',
        '2020-08-14 12:40:16'
    ),
        
    (
        329,
        'Ask Scene',
        9,
        'ask-scene',
        'Important something small a truth cover later. Up seem then bag.',
        19.22,
        71,
        '2023-05-16 04:42:24',
        '2023-05-25 16:43:38'
    ),
        
    (
        330,
        'Staff Finish',
        9,
        'staff-finish',
        'Option again discuss guy voice drive major. Program white someone air stock. Get few language education over enjoy. Consider garden go beautiful.',
        23.39,
        6,
        '2019-10-19 14:24:05',
        '2019-11-07 11:28:35'
    ),
        
    (
        331,
        'Theory At Security Leave Once',
        5,
        'theory-at-security-leave-once',
        'Magazine audience could next behind shake. Receive American stock clearly half seem. Enough court yeah us. Nice imagine radio suggest. Or sometimes check stuff tell.',
        13.87,
        20,
        '2019-05-08 23:34:38',
        '2019-05-22 21:39:12'
    ),
        
    (
        332,
        'Man Determine Network Crime Easy',
        1,
        'man-determine-network-crime-easy',
        'Father road boy about grow.',
        66.10,
        30,
        '2019-07-24 06:10:00',
        '2019-08-11 06:12:00'
    ),
        
    (
        333,
        'Line Commercial Process',
        8,
        'line-commercial-process',
        'Reality such home staff buy even somebody.',
        14.03,
        55,
        '2023-04-08 17:46:18',
        '2023-04-11 04:48:26'
    ),
        
    (
        334,
        'Choice Trouble',
        1,
        'choice-trouble',
        'Few radio best institution. Defense indeed seven camera Congress ago. Hear fact defense those movie.',
        71.91,
        5,
        '2021-01-24 03:10:11',
        '2021-01-29 02:12:39'
    ),
        
    (
        335,
        'Quality Run Sure Career Hotel',
        3,
        'quality-run-sure-career-hotel',
        'Gas enter central bring six year. Treat firm picture once example might two necessary. Their improve account theory instead same above. Morning bit rock dog middle condition room.',
        57.91,
        5,
        '2020-09-12 16:01:19',
        '2020-09-20 13:04:17'
    ),
        
    (
        336,
        'Water Bill',
        7,
        'water-bill',
        'Meet family offer because play Mrs. City spring rather tough ever win.',
        17.32,
        56,
        '2022-07-09 13:57:50',
        '2022-07-18 10:01:10'
    ),
        
    (
        337,
        'Enter Right Else',
        3,
        'enter-right-else',
        'Soon wide fish late course speak then. Successful move design. Certain that low discover.',
        13.25,
        8,
        '2021-06-20 13:05:21',
        '2021-06-26 15:07:43'
    ),
        
    (
        338,
        'Adult Stay Many Wide Reduce',
        2,
        'adult-stay-many-wide-reduce',
        'Follow speak soldier memory modern including. Place successful hold. Able economic big already worker hear program. Sea Mr pretty campaign color western bill.',
        70.45,
        21,
        '2022-05-16 15:29:40',
        '2022-06-03 07:33:20'
    ),
        
    (
        339,
        'They Story Find Student',
        1,
        'they-story-find-student',
        'Learn themselves between party. Story carry magazine evening in baby.',
        10.60,
        91,
        '2021-12-18 12:56:08',
        '2021-12-31 13:58:04'
    ),
        
    (
        340,
        'Picture Avoid Interest Around Use',
        5,
        'picture-avoid-interest-around-use',
        'Congress affect point push. Case dinner large we beat under information. End generation find light. Eat describe simply father.',
        29.40,
        14,
        '2020-07-12 02:40:55',
        '2020-07-16 13:44:26'
    ),
        
    (
        341,
        'Space North Heavy Base Them',
        9,
        'space-north-heavy-base-them',
        'Bank use source ability southern memory. Accept without them call Democrat. Consider me market make.',
        29.95,
        44,
        '2020-02-14 14:07:55',
        '2020-02-17 11:08:37'
    ),
        
    (
        342,
        'American Manage',
        5,
        'american-manage',
        'Third career light control miss ten. Quite goal brother father tell interview produce.',
        5.17,
        15,
        '2022-09-06 03:08:45',
        '2022-09-14 10:10:04'
    ),
        
    (
        343,
        'Billion Identify',
        10,
        'billion-identify',
        'Station dark human second.',
        76.93,
        48,
        '2019-06-14 04:27:55',
        '2019-06-25 01:30:55'
    ),
        
    (
        344,
        'Big Majority',
        5,
        'big-majority',
        'Wrong pay send machine. All hope middle heart.',
        82.60,
        75,
        '2023-02-26 15:17:25',
        '2023-03-07 03:19:08'
    ),
        
    (
        345,
        'Throughout Matter Because Reach Building',
        9,
        'throughout-matter-because-reach-building',
        'Week investment today subject note. Receive sit or.',
        30.75,
        2,
        '2020-08-22 18:26:09',
        '2020-08-28 17:28:23'
    ),
        
    (
        346,
        'Expert Former Power Loss',
        6,
        'expert-former-power-loss',
        'Site billion leader answer where. Director car anything marriage want local agency. Dinner machine better sort.',
        91.12,
        84,
        '2020-11-25 05:06:31',
        '2020-12-02 01:06:43'
    ),
        
    (
        347,
        'During Study Environmental Figure',
        10,
        'during-study-environmental-figure',
        'Structure piece keep thank enter much effect four. Poor spend pull her consider. Tonight window happen bar. Training hair happy more pressure claim note.',
        15.59,
        50,
        '2021-07-27 03:24:56',
        '2021-08-16 07:28:18'
    ),
        
    (
        348,
        'Big Discuss Detail Member Step',
        7,
        'big-discuss-detail-member-step',
        'Meeting whether drive such. Course American become easy approach summer. Us girl during large lose.',
        49.86,
        32,
        '2021-08-30 13:06:47',
        '2021-09-10 16:09:19'
    ),
        
    (
        349,
        'Western Air Government Away',
        7,
        'western-air-government-away',
        'Hear computer know commercial yourself. Hundred goal education summer six series. Environmental be office radio.',
        72.44,
        61,
        '2021-02-27 03:55:26',
        '2021-03-16 15:58:12'
    ),
        
    (
        350,
        'Able Opportunity',
        5,
        'able-opportunity',
        'Current current interview whatever something.',
        6.22,
        19,
        '2022-12-09 19:38:38',
        '2022-12-12 13:41:56'
    ),
        
    (
        351,
        'Back Game Site Create Leave',
        7,
        'back-game-site-create-leave',
        'Argue government statement indicate. Fly various enough structure in north. Thus option husband accept officer watch. Hotel available live former claim perform push sense.',
        91.11,
        47,
        '2022-08-08 17:24:24',
        '2022-08-12 20:27:35'
    ),
        
    (
        352,
        'Method Various',
        8,
        'method-various',
        'Off significant will pass this charge next.',
        88.61,
        11,
        '2023-03-29 08:29:18',
        '2023-04-14 09:30:17'
    ),
        
    (
        353,
        'Cell Up',
        1,
        'cell-up',
        'Agreement ever positive business blood left. Must network market market so artist plant.',
        61.87,
        28,
        '2022-01-28 15:31:13',
        '2022-02-13 03:34:58'
    ),
        
    (
        354,
        'Evidence Though',
        6,
        'evidence-though',
        'Stock money to professor.',
        80.21,
        1,
        '2022-10-13 06:18:12',
        '2022-10-22 18:18:36'
    ),
        
    (
        355,
        'Least Science Trade Represent',
        8,
        'least-science-trade-represent',
        'Attack officer someone. Reach name dinner appear bed.',
        92.85,
        83,
        '2019-12-21 03:55:03',
        '2020-01-01 07:58:35'
    ),
        
    (
        356,
        'Discuss Use American Prove Less',
        3,
        'discuss-use-american-prove-less',
        'Those help option possible baby whose arrive. Special great campaign will.',
        67.66,
        58,
        '2020-09-01 09:30:33',
        '2020-09-08 16:31:47'
    ),
        
    (
        357,
        'During Down Test Him Seat',
        10,
        'during-down-test-him-seat',
        'Tough yeah alone. Later building want focus.',
        17.28,
        54,
        '2023-06-01 21:38:44',
        '2023-06-08 12:42:38'
    ),
        
    (
        358,
        'Place Party Trade Rule',
        5,
        'place-party-trade-rule',
        'Focus this listen particular. Impact democratic forward hard part listen. So she whose industry point.',
        18.68,
        16,
        '2022-09-02 06:30:15',
        '2022-09-22 10:34:55'
    ),
        
    (
        359,
        'Fall Full Word',
        1,
        'fall-full-word',
        'Real sign writer interview surface. Card best fast reveal. Off room above attorney act.',
        69.65,
        69,
        '2019-06-10 18:04:19',
        '2019-07-01 12:07:26'
    ),
        
    (
        360,
        'Write Send Return Them',
        7,
        'write-send-return-them',
        'Often pretty force. Agree become attorney choose affect free.',
        11.03,
        79,
        '2019-08-14 19:11:21',
        '2019-08-26 04:13:13'
    ),
        
    (
        361,
        'Wear Hear Add Despite Capital',
        8,
        'wear-hear-add-despite-capital',
        'Plan weight prove writer.',
        86.13,
        96,
        '2022-03-04 18:03:21',
        '2022-03-18 02:06:02'
    ),
        
    (
        362,
        'Traditional Edge Source',
        7,
        'traditional-edge-source',
        'Stay season me analysis enough little movie. Food plan part agree society themselves.',
        48.02,
        93,
        '2019-12-17 10:16:39',
        '2019-12-25 04:18:48'
    ),
        
    (
        363,
        'Financial Billion List',
        3,
        'financial-billion-list',
        'I almost air they open. Capital goal month still also fire.',
        99.03,
        11,
        '2022-11-29 16:43:23',
        '2022-12-11 09:47:19'
    ),
        
    (
        364,
        'Glass Event',
        9,
        'glass-event',
        'Attention recently officer so city court feel. Another return couple other. Happy surface me. Five daughter beyond short build base. Show Republican church grow goal enough laugh.',
        31.45,
        37,
        '2021-11-17 01:50:44',
        '2021-11-27 02:54:52'
    ),
        
    (
        365,
        'Quickly Team Writer Within Should',
        8,
        'quickly-team-writer-within-should',
        'Everyone because off group data. Wife movement along factor fact ever yeah.',
        89.13,
        86,
        '2021-12-14 12:33:08',
        '2021-12-29 20:35:47'
    ),
        
    (
        366,
        'Cut Without',
        2,
        'cut-without',
        'Move son road bit.',
        17.81,
        11,
        '2022-10-08 11:36:35',
        '2022-10-23 01:39:04'
    ),
        
    (
        367,
        'Set Worry Race Radio',
        3,
        'set-worry-race-radio',
        'Check shoulder always development assume.',
        40.34,
        2,
        '2021-10-08 14:25:28',
        '2021-10-08 15:25:54'
    ),
        
    (
        368,
        'First Learn Stage Meet Bit',
        6,
        'first-learn-stage-meet-bit',
        'Hot author must.',
        23.72,
        13,
        '2021-03-10 17:52:16',
        '2021-03-26 17:53:41'
    ),
        
    (
        369,
        'Can Special Lot',
        10,
        'can-special-lot',
        'Sell wall per least environmental word consumer soon. Four traditional speak hundred standard wife mind. International mouth to history one lose.',
        59.51,
        96,
        '2021-12-24 23:41:54',
        '2021-12-28 23:45:08'
    ),
        
    (
        370,
        'Send Debate Begin',
        8,
        'send-debate-begin',
        'Democrat must education suddenly nature production your cost. Daughter series traditional good traditional. Interesting light picture administration bad anything attack nearly.',
        95.47,
        29,
        '2022-07-18 20:31:09',
        '2022-07-21 10:31:17'
    ),
        
    (
        371,
        'Tonight Better Level Baby',
        6,
        'tonight-better-level-baby',
        'Improve suddenly another trial cut.',
        27.02,
        29,
        '2019-06-03 22:18:51',
        '2019-06-23 18:19:41'
    ),
        
    (
        372,
        'Yeah Company',
        4,
        'yeah-company',
        'Republican few fly ball consumer.',
        97.80,
        50,
        '2022-04-21 03:50:38',
        '2022-05-04 11:51:38'
    ),
        
    (
        373,
        'Sport Determine',
        10,
        'sport-determine',
        'The establish others along.',
        98.03,
        75,
        '2019-01-15 03:32:10',
        '2019-01-31 16:35:57'
    ),
        
    (
        374,
        'Else Factor You Piece Interview',
        8,
        'else-factor-you-piece-interview',
        'Far write mind sometimes stock.',
        17.17,
        19,
        '2019-10-25 12:06:43',
        '2019-10-30 14:10:41'
    ),
        
    (
        375,
        'Spend Morning Film Same',
        10,
        'spend-morning-film-same',
        'Race success first only.',
        22.96,
        40,
        '2021-02-21 08:52:45',
        '2021-02-23 20:57:31'
    ),
        
    (
        376,
        'Huge Model Send Network Most',
        8,
        'huge-model-send-network-most',
        'Without almost force defense miss part. Box whole item across onto. Nearly blue same figure serve. Drive ever beyond might.',
        20.70,
        32,
        '2020-03-28 18:11:19',
        '2020-04-08 21:12:56'
    ),
        
    (
        377,
        'Stage Forward',
        8,
        'stage-forward',
        'Throughout animal operation several rest. Her study agency throw happy. Should theory away chance. Four partner return less cause.',
        74.85,
        35,
        '2022-08-30 20:13:37',
        '2022-09-10 19:14:20'
    ),
        
    (
        378,
        'Off Pm Right',
        8,
        'off-pm-right',
        'Near beat dream throw nearly visit really. Gas or floor animal spend professional sing. Always why job see matter task. Class yes especially usually risk model.',
        22.81,
        81,
        '2020-12-04 19:33:12',
        '2020-12-13 11:37:48'
    ),
        
    (
        379,
        'Name Agent Price Process',
        6,
        'name-agent-price-process',
        'Thus listen series picture.',
        53.28,
        10,
        '2022-02-22 00:21:37',
        '2022-03-07 23:26:26'
    ),
        
    (
        380,
        'Help Around',
        8,
        'help-around',
        'Here no woman second. Next inside three life against hair season ready. Although cause opportunity break management whole.',
        28.48,
        69,
        '2021-01-18 01:22:12',
        '2021-01-31 04:22:36'
    ),
        
    (
        381,
        'Computer Represent Ahead Kid Study',
        1,
        'computer-represent-ahead-kid-study',
        'For after reality hotel go special perform. Can back role well require long. Sure certainly heavy prevent action difference. Always break light able should determine.',
        9.32,
        5,
        '2019-03-17 14:08:00',
        '2019-03-27 19:11:13'
    ),
        
    (
        382,
        'Unit Certainly',
        3,
        'unit-certainly',
        'Good performance thank take add once court see.',
        8.92,
        18,
        '2019-01-11 08:23:41',
        '2019-01-22 19:27:10'
    ),
        
    (
        383,
        'Own Trip',
        4,
        'own-trip',
        'Research art why nation. Next life help agreement them read. Onto heart above news learn hope skill professional. Raise wind politics push staff line beautiful analysis. Raise audience glass only road.',
        78.30,
        100,
        '2019-12-28 12:46:03',
        '2020-01-15 21:49:59'
    ),
        
    (
        384,
        'Send Debate Would Near Edge',
        5,
        'send-debate-would-near-edge',
        'After leave meeting try carry drug there.',
        63.63,
        78,
        '2022-11-26 04:39:46',
        '2022-12-15 12:40:31'
    ),
        
    (
        385,
        'Nice Large Degree',
        6,
        'nice-large-degree',
        'Air seek recently common alone. Four sound describe increase audience. Minute heavy population less if resource.',
        14.49,
        83,
        '2021-06-03 04:48:48',
        '2021-06-08 23:48:50'
    ),
        
    (
        386,
        'Church Guy Hospital Son',
        6,
        'church-guy-hospital-son',
        'Last task money himself. Development avoid laugh over. Project medical yard. Follow wonder form up sure.',
        77.76,
        27,
        '2019-09-07 13:02:33',
        '2019-09-12 06:07:08'
    ),
        
    (
        387,
        'Interesting Particularly Sit Big Organization',
        8,
        'interesting-particularly-sit-big-organization',
        'Kitchen yet stuff add table. Close of rich fight product to. Suggest factor toward rule campaign lay.',
        47.22,
        62,
        '2021-05-08 08:55:45',
        '2021-05-16 09:59:28'
    ),
        
    (
        388,
        'Force Detail',
        8,
        'force-detail',
        'Arm simply total sister.',
        24.89,
        53,
        '2022-05-08 03:04:41',
        '2022-05-18 14:07:40'
    ),
        
    (
        389,
        'Station Piece Require Check Such',
        8,
        'station-piece-require-check-such',
        'Medical seem single along nearly them herself. Total write no last staff player wonder. Out her since ability drop always.',
        48.10,
        51,
        '2021-09-26 03:10:03',
        '2021-10-10 03:11:25'
    ),
        
    (
        390,
        'History Chair',
        1,
        'history-chair',
        'Window now money church. Subject sign people become.',
        94.35,
        15,
        '2021-02-07 07:33:49',
        '2021-02-25 04:35:42'
    ),
        
    (
        391,
        'Enough Travel Site Anyone Already',
        3,
        'enough-travel-site-anyone-already',
        'Street her interest writer key. See strong style hair station standard. Offer as smile place southern seven nation.',
        7.72,
        33,
        '2020-03-18 20:51:53',
        '2020-03-19 19:55:50'
    ),
        
    (
        392,
        'Fact Myself Including Paper We',
        5,
        'fact-myself-including-paper-we',
        'Arm century player environmental only term food.',
        29.66,
        30,
        '2023-05-29 08:15:33',
        '2023-06-01 22:19:46'
    ),
        
    (
        393,
        'Suggest Individual Treatment Read',
        7,
        'suggest-individual-treatment-read',
        'Claim themselves summer feel expert box. Most several behavior week to task. Interview treatment treat these perhaps sing lawyer. Night whole various summer whom.',
        16.96,
        29,
        '2019-09-08 08:00:44',
        '2019-09-26 12:04:40'
    ),
        
    (
        394,
        'Bit Road',
        10,
        'bit-road',
        'Career result eye wrong.',
        16.62,
        56,
        '2019-07-24 08:54:24',
        '2019-07-27 07:55:01'
    ),
        
    (
        395,
        'Be Mouth',
        4,
        'be-mouth',
        'Concern four individual prepare almost represent check.',
        21.70,
        42,
        '2022-02-06 18:52:59',
        '2022-02-26 08:54:15'
    ),
        
    (
        396,
        'Everything Speech Garden',
        5,
        'everything-speech-garden',
        'Tree order should free statement black. Though assume statement wonder participant decide real. Their project strategy. Two piece want hair view system. From with oil.',
        40.16,
        97,
        '2020-07-30 22:00:06',
        '2020-08-16 02:04:05'
    ),
        
    (
        397,
        'Western Effort',
        10,
        'western-effort',
        'Blood bad lot.',
        78.73,
        29,
        '2021-06-11 19:44:01',
        '2021-06-20 22:48:22'
    ),
        
    (
        398,
        'Situation Past As Rock',
        3,
        'situation-past-as-rock',
        'Both mean person significant hour.',
        67.48,
        41,
        '2019-12-24 16:11:43',
        '2020-01-10 19:12:10'
    ),
        
    (
        399,
        'Simple Which Product',
        9,
        'simple-which-product',
        'Guess sell face never.',
        28.42,
        56,
        '2019-05-15 15:31:34',
        '2019-06-02 07:31:42'
    ),
        
    (
        400,
        'Exactly Floor For',
        4,
        'exactly-floor-for',
        'Pretty son civil.',
        45.88,
        48,
        '2022-03-08 21:22:06',
        '2022-03-29 09:26:35'
    ),
        
    (
        401,
        'Seem Color Keep Care Factor',
        4,
        'seem-color-keep-care-factor',
        'Seat budget plan number blue property. Trouble each trip gun marriage fund seat good.',
        59.91,
        92,
        '2019-07-08 12:05:28',
        '2019-07-19 01:10:25'
    ),
        
    (
        402,
        'Successful Reality Prepare Week Ago',
        8,
        'successful-reality-prepare-week-ago',
        'Material realize child benefit drug least institution yourself. Pretty onto create attorney.',
        61.24,
        23,
        '2020-07-30 05:06:24',
        '2020-08-04 04:10:12'
    ),
        
    (
        403,
        'Citizen Hotel',
        2,
        'citizen-hotel',
        'Security or when politics everything. Quite those east rock yard enjoy discuss.',
        94.39,
        11,
        '2022-11-21 08:18:34',
        '2022-12-06 12:22:54'
    ),
        
    (
        404,
        'Hundred Assume Line',
        2,
        'hundred-assume-line',
        'Change listen visit they let name discover. Discuss shake other water computer better.',
        19.32,
        37,
        '2020-12-11 16:18:43',
        '2020-12-23 02:20:58'
    ),
        
    (
        405,
        'Even Name Among Likely',
        6,
        'even-name-among-likely',
        'Finally type both.',
        55.74,
        16,
        '2019-01-28 04:42:41',
        '2019-02-03 04:44:18'
    ),
        
    (
        406,
        'Quite Order',
        6,
        'quite-order',
        'Brother people budget consumer yard career so.',
        50.78,
        59,
        '2022-12-18 16:07:38',
        '2023-01-02 07:07:47'
    ),
        
    (
        407,
        'Themselves Century Pass Two Your',
        1,
        'themselves-century-pass-two-your',
        'Establish wrong bar employee analysis.',
        1.81,
        63,
        '2021-02-10 14:32:54',
        '2021-03-03 05:34:15'
    ),
        
    (
        408,
        'Statement Account Story Sell',
        10,
        'statement-account-story-sell',
        'Good hope door exist he.',
        40.16,
        60,
        '2019-08-04 22:00:01',
        '2019-08-20 13:01:10'
    ),
        
    (
        409,
        'Also Response Party Rather',
        8,
        'also-response-party-rather',
        'A buy region partner find sometimes.',
        23.70,
        79,
        '2019-06-12 03:55:43',
        '2019-06-23 02:58:42'
    ),
        
    (
        410,
        'Decade Program Successful',
        9,
        'decade-program-successful',
        'Water other design though.',
        51.69,
        29,
        '2023-04-02 17:24:05',
        '2023-04-18 15:28:46'
    ),
        
    (
        411,
        'Act Its Second Inside Partner',
        8,
        'act-its-second-inside-partner',
        'Glass bed you fly center vote now economic.',
        68.78,
        77,
        '2019-07-05 08:59:04',
        '2019-07-24 06:59:20'
    ),
        
    (
        412,
        'Choice Star Front Maybe',
        10,
        'choice-star-front-maybe',
        'Employee interesting door position name there manage.',
        40.63,
        72,
        '2021-11-28 17:10:44',
        '2021-12-07 05:15:11'
    ),
        
    (
        413,
        'Speak Should Finally',
        1,
        'speak-should-finally',
        'Later continue point prove approach. Mouth none need question no attack put name.',
        10.35,
        36,
        '2020-07-06 06:57:06',
        '2020-07-08 23:58:06'
    ),
        
    (
        414,
        'Fact Seem Free',
        3,
        'fact-seem-free',
        'Vote sound hospital international yourself purpose difficult.',
        80.63,
        41,
        '2019-03-15 06:51:49',
        '2019-04-02 21:53:59'
    ),
        
    (
        415,
        'Ready West Field',
        7,
        'ready-west-field',
        'Billion success serve middle appear.',
        74.97,
        97,
        '2020-06-04 17:13:01',
        '2020-06-09 23:13:16'
    ),
        
    (
        416,
        'Find Find',
        1,
        'find-find',
        'White different recently between. Add along ahead notice southern.',
        4.96,
        10,
        '2022-09-13 20:33:54',
        '2022-09-25 11:38:14'
    ),
        
    (
        417,
        'Need Medical Important People Relationship',
        7,
        'need-medical-important-people-relationship',
        'Rule treat couple report citizen process. Husband even all admit pull. Main answer society laugh thank station challenge fear. Letter art case central happy. To onto upon cause best federal but.',
        90.43,
        93,
        '2020-04-03 05:15:35',
        '2020-04-18 17:18:06'
    ),
        
    (
        418,
        'Effect Experience',
        1,
        'effect-experience',
        'School difference upon phone model hear. Million although say government family.',
        50.08,
        66,
        '2023-04-01 06:34:43',
        '2023-04-11 12:37:36'
    ),
        
    (
        419,
        'Their Expert Customer',
        8,
        'their-expert-customer',
        'Order hospital explain above. Wife range need professional move.',
        18.41,
        65,
        '2022-04-10 14:00:16',
        '2022-04-14 15:03:12'
    ),
        
    (
        420,
        'Travel Alone Among So Minute',
        9,
        'travel-alone-among-so-minute',
        'American voice it market body same surface. Seek man people material impact allow. Top company property look four special science.',
        34.97,
        12,
        '2019-03-06 02:08:39',
        '2019-03-08 07:13:17'
    ),
        
    (
        421,
        'Million Cost',
        6,
        'million-cost',
        'Claim well figure including game nation life. Value significant better time drive show third. Late space so focus. Since camera vote.',
        22.52,
        25,
        '2022-07-17 18:43:32',
        '2022-07-17 19:47:28'
    ),
        
    (
        422,
        'Although Feel',
        6,
        'although-feel',
        'Always president off begin face.',
        2.22,
        9,
        '2022-03-01 05:34:39',
        '2022-03-02 12:39:26'
    ),
        
    (
        423,
        'Really Hair Rich Turn Fight',
        6,
        'really-hair-rich-turn-fight',
        'Someone first wind throw end animal official establish. Could rather letter.',
        93.54,
        78,
        '2020-09-30 04:39:04',
        '2020-10-15 22:43:31'
    ),
        
    (
        424,
        'Ahead Create Wife Senior Military',
        9,
        'ahead-create-wife-senior-military',
        'Bag year notice he. Time democratic occur child.',
        19.03,
        16,
        '2021-02-07 11:38:46',
        '2021-02-24 14:41:29'
    ),
        
    (
        425,
        'Area Attorney',
        3,
        'area-attorney',
        'Service opportunity road property. Southern street local large. Various painting write. Factor ball time with above somebody impact.',
        16.23,
        33,
        '2019-01-17 00:28:43',
        '2019-01-22 23:31:58'
    ),
        
    (
        426,
        'Argue Citizen Company Outside Program',
        8,
        'argue-citizen-company-outside-program',
        'Newspaper direction old me class against. Help policy compare.',
        60.24,
        80,
        '2020-09-24 00:13:29',
        '2020-09-25 11:17:34'
    ),
        
    (
        427,
        'Available Degree Off Start',
        9,
        'available-degree-off-start',
        'Ball answer from community.',
        49.29,
        43,
        '2020-11-28 03:34:57',
        '2020-12-07 04:35:04'
    ),
        
    (
        428,
        'Despite Foreign',
        8,
        'despite-foreign',
        'True approach hotel me campaign.',
        54.41,
        5,
        '2022-12-28 16:24:54',
        '2023-01-18 07:28:59'
    ),
        
    (
        429,
        'I Black',
        5,
        'i-black',
        'Best wait bed chance. Group responsibility thank hand second. Begin simply believe yard too. This cultural call act threat.',
        58.38,
        42,
        '2023-03-29 13:08:02',
        '2023-04-08 12:08:08'
    ),
        
    (
        430,
        'Business Lose Window Clearly Institution',
        1,
        'business-lose-window-clearly-institution',
        'Weight to gas manage information.',
        15.26,
        33,
        '2020-01-12 01:45:10',
        '2020-01-19 12:48:51'
    ),
        
    (
        431,
        'Thank Gun',
        7,
        'thank-gun',
        'Box set yes born serve threat. Their article thank party white make risk business. Recognize call I discover operation peace foreign. Have behavior seem language free. Eat now day prove possible camera head.',
        66.67,
        9,
        '2020-07-01 21:39:58',
        '2020-07-21 13:43:32'
    ),
        
    (
        432,
        'Close Forget Best Particularly',
        4,
        'close-forget-best-particularly',
        'History both similar ago focus live. Glass until know price professional name according. Real report impact go another. Simple check approach direction data million.',
        98.13,
        66,
        '2023-05-23 21:25:48',
        '2023-05-27 08:27:49'
    ),
        
    (
        433,
        'News Laugh',
        9,
        'news-laugh',
        'Positive still put could step. Determine garden campaign media lay mother.',
        48.28,
        44,
        '2019-10-08 13:24:02',
        '2019-10-09 15:25:08'
    ),
        
    (
        434,
        'Recent Certainly Animal If',
        5,
        'recent-certainly-animal-if',
        'Exist one rate year rather every.',
        18.98,
        85,
        '2019-02-20 12:51:22',
        '2019-03-01 05:55:40'
    ),
        
    (
        435,
        'Land Sea Buy Why',
        3,
        'land-sea-buy-why',
        'About suffer soldier card whom college. More decide know. Medical source population answer democratic little be.',
        46.90,
        73,
        '2019-04-22 23:22:06',
        '2019-04-23 09:25:16'
    ),
        
    (
        436,
        'Language Receive Entire',
        5,
        'language-receive-entire',
        'Serious decide couple face day situation. Ready gas be answer this. Reflect travel available beat happy now. Course professor bring develop action character. Just federal single another do down.',
        56.54,
        47,
        '2020-05-26 23:35:28',
        '2020-06-16 04:39:50'
    ),
        
    (
        437,
        'Risk Look Hear Visit',
        1,
        'risk-look-hear-visit',
        'By sometimes list citizen major care. Wonder prove time. Analysis point statement dream read.',
        96.75,
        50,
        '2022-07-11 08:46:42',
        '2022-07-12 02:48:49'
    ),
        
    (
        438,
        'Happen With Reduce Cut',
        8,
        'happen-with-reduce-cut',
        'Majority audience action you party side.',
        53.14,
        71,
        '2023-03-28 18:27:09',
        '2023-04-13 11:30:46'
    ),
        
    (
        439,
        'Brother Road Plan',
        1,
        'brother-road-plan',
        'Form high people accept chair base page. Six else her action present ahead listen finish.',
        47.88,
        11,
        '2020-11-14 17:06:51',
        '2020-11-26 04:08:24'
    ),
        
    (
        440,
        'Provide Get High',
        3,
        'provide-get-high',
        'Take understand form table foreign field easy.',
        66.82,
        13,
        '2020-05-25 05:54:41',
        '2020-06-01 06:55:27'
    ),
        
    (
        441,
        'Conference Among',
        5,
        'conference-among',
        'Sign trouble small ground figure science discuss. Down nature nearly talk finally.',
        51.66,
        43,
        '2022-09-30 16:05:11',
        '2022-10-10 22:08:54'
    ),
        
    (
        442,
        'Name Inside Dark',
        7,
        'name-inside-dark',
        'However compare door away. Create blue leader enjoy quickly shoulder determine network. War hundred tax dinner.',
        57.45,
        65,
        '2020-05-19 22:58:36',
        '2020-05-29 19:59:16'
    ),
        
    (
        443,
        'For Analysis',
        6,
        'for-analysis',
        'Picture fear cut along Republican. Impact themselves memory at little public fall indicate. Government hour policy forward student between protect. Bank degree talk try also heart. President sing once.',
        4.42,
        98,
        '2020-09-26 16:56:38',
        '2020-10-08 22:57:05'
    ),
        
    (
        444,
        'Manager Language',
        10,
        'manager-language',
        'Window whether left return only.',
        95.74,
        19,
        '2022-05-19 13:28:40',
        '2022-05-28 10:32:45'
    ),
        
    (
        445,
        'Federal Player Structure Modern Above',
        2,
        'federal-player-structure-modern-above',
        'Next value general throw type environmental large large.',
        28.06,
        68,
        '2019-03-04 13:50:48',
        '2019-03-18 00:54:52'
    ),
        
    (
        446,
        'Hot Major Environmental Old My',
        2,
        'hot-major-environmental-old-my',
        'Play thing seem value.',
        71.40,
        72,
        '2019-11-23 18:57:48',
        '2019-12-01 12:01:23'
    ),
        
    (
        447,
        'Member Market Year Born',
        10,
        'member-market-year-born',
        'Discuss change sort see section lawyer.',
        28.97,
        8,
        '2022-10-23 21:46:19',
        '2022-10-28 08:50:09'
    ),
        
    (
        448,
        'Piece Magazine Control',
        2,
        'piece-magazine-control',
        'Include how enter whether suffer see whose. Condition worry cell wind life. Outside finish up economy me heart throw.',
        14.63,
        66,
        '2020-05-13 22:59:18',
        '2020-05-19 09:01:30'
    ),
        
    (
        449,
        'Develop These Go Great',
        6,
        'develop-these-go-great',
        'Option audience keep hear its here.',
        27.95,
        75,
        '2022-08-10 06:51:21',
        '2022-08-16 19:53:35'
    ),
        
    (
        450,
        'Low Rate Condition Force When',
        9,
        'low-rate-condition-force-when',
        'Consumer even picture among away attack. Board anything world organization. Bank team court when major hot history.',
        11.14,
        7,
        '2019-12-04 11:18:42',
        '2019-12-23 11:19:57'
    ),
        
    (
        451,
        'Five Raise Treatment',
        6,
        'five-raise-treatment',
        'Second western southern away tree. Type collection night discover avoid space.',
        59.39,
        91,
        '2020-10-21 00:40:56',
        '2020-10-25 16:42:39'
    ),
        
    (
        452,
        'Or Over History',
        4,
        'or-over-history',
        'Budget country region. Run his position home first himself.',
        55.88,
        55,
        '2019-01-09 09:13:08',
        '2019-01-11 11:17:17'
    ),
        
    (
        453,
        'Eye Born Back Current Each',
        10,
        'eye-born-back-current-each',
        'Themselves coach gas the budget purpose manage difficult. Their never deep drug. Impact happy wear only now particularly. Arm into five enough.',
        24.17,
        62,
        '2021-04-30 21:21:34',
        '2021-05-02 09:23:40'
    ),
        
    (
        454,
        'Agreement True Away Political',
        7,
        'agreement-true-away-political',
        'Especially back evening big choose step. Finish policy by whether hope good. Gun once a paper economic choice issue race. Beautiful other value describe main of.',
        27.03,
        31,
        '2019-05-27 12:16:40',
        '2019-06-10 12:17:36'
    ),
        
    (
        455,
        'Talk Benefit Garden Wide Important',
        2,
        'talk-benefit-garden-wide-important',
        'Write nor respond finish major power. She heavy which strategy real yeah animal.',
        6.46,
        11,
        '2019-02-20 16:43:09',
        '2019-03-02 12:46:48'
    ),
        
    (
        456,
        'Well See Grow',
        10,
        'well-see-grow',
        'Lay consumer military.',
        28.63,
        100,
        '2019-01-08 17:24:15',
        '2019-01-12 23:24:57'
    ),
        
    (
        457,
        'Would Growth Strategy',
        8,
        'would-growth-strategy',
        'Throughout realize window run government mission.',
        65.33,
        63,
        '2019-03-08 16:37:59',
        '2019-03-19 22:42:27'
    ),
        
    (
        458,
        'Magazine May Watch Article Sister',
        9,
        'magazine-may-watch-article-sister',
        'Conference still likely maintain civil expect. Prove adult cup Congress.',
        8.75,
        12,
        '2019-06-15 09:45:50',
        '2019-06-21 21:47:43'
    ),
        
    (
        459,
        'Care Husband Between',
        7,
        'care-husband-between',
        'Leg practice collection say sell game. Add receive set manage.',
        3.58,
        39,
        '2021-07-04 01:07:50',
        '2021-07-06 14:09:10'
    ),
        
    (
        460,
        'Writer Stage Stay Expect Black',
        6,
        'writer-stage-stay-expect-black',
        'Half dog east bill final lay sound. Technology claim trial name not focus conference.',
        76.19,
        86,
        '2020-08-15 11:09:28',
        '2020-08-19 20:10:48'
    ),
        
    (
        461,
        'Mr Final Team Present Money',
        3,
        'mr-final-team-present-money',
        'Tough society movement.',
        5.42,
        7,
        '2020-04-17 10:03:54',
        '2020-04-22 12:04:07'
    ),
        
    (
        462,
        'Treat Believe',
        10,
        'treat-believe',
        'Look major issue school whom.',
        76.28,
        99,
        '2020-07-30 10:49:14',
        '2020-08-01 11:53:59'
    ),
        
    (
        463,
        'Job Walk Boy Suffer Onto',
        6,
        'job-walk-boy-suffer-onto',
        'While coach before forget crime truth order sure. Anyone trip truth sure who develop after. Congress visit line what Mrs.',
        69.81,
        71,
        '2020-12-15 02:10:34',
        '2020-12-30 05:13:25'
    ),
        
    (
        464,
        'Million Understand Tonight',
        5,
        'million-understand-tonight',
        'Laugh but travel market. Apply stand certain few shake area.',
        7.87,
        42,
        '2021-11-19 21:15:58',
        '2021-12-06 12:16:04'
    ),
        
    (
        465,
        'Big Fall Yet Wear',
        2,
        'big-fall-yet-wear',
        'Make president lose at real officer drug. Bit month forward begin.',
        31.84,
        88,
        '2021-10-16 12:52:15',
        '2021-10-31 08:56:12'
    ),
        
    (
        466,
        'Recently Them',
        9,
        'recently-them',
        'Ahead collection race writer morning.',
        24.12,
        98,
        '2023-01-04 20:16:24',
        '2023-01-25 12:16:31'
    ),
        
    (
        467,
        'Paper Turn Quickly Live Remain',
        6,
        'paper-turn-quickly-live-remain',
        'Sit hundred company onto culture field.',
        26.78,
        36,
        '2020-01-16 13:02:15',
        '2020-01-27 20:05:26'
    ),
        
    (
        468,
        'Prepare Gas Society Have',
        10,
        'prepare-gas-society-have',
        'Cold particularly common make here attorney central lead. List region any and once choice. Dinner TV half water morning protect.',
        5.17,
        16,
        '2019-07-06 07:58:35',
        '2019-07-16 03:01:06'
    ),
        
    (
        469,
        'Where Until',
        5,
        'where-until',
        'Why American talk why reflect.',
        32.19,
        63,
        '2021-04-16 06:30:32',
        '2021-04-28 07:31:40'
    ),
        
    (
        470,
        'Throw Animal Training Site',
        5,
        'throw-animal-training-site',
        'Factor successful know once floor today every. Nor course figure fly single since. Throughout care them sister detail many very lawyer. Which cup strategy city summer bit.',
        43.95,
        51,
        '2020-01-12 19:32:53',
        '2020-01-22 07:33:10'
    ),
        
    (
        471,
        'Air Popular Nation',
        6,
        'air-popular-nation',
        'Quality own argue. Window term himself necessary group success.',
        88.92,
        89,
        '2022-09-11 13:46:09',
        '2022-09-21 14:50:04'
    ),
        
    (
        472,
        'Site Minute Floor',
        4,
        'site-minute-floor',
        'Computer cell approach kid between. It material Democrat defense ask study view. Parent trade language course to good.',
        67.62,
        79,
        '2022-02-05 14:48:03',
        '2022-02-13 22:50:52'
    ),
        
    (
        473,
        'Several Environment Keep',
        6,
        'several-environment-keep',
        'Easy hospital cause sell. Dream few individual receive ever. Few time different continue instead. Hear system reality.',
        5.27,
        11,
        '2021-03-08 23:01:33',
        '2021-03-19 18:01:37'
    ),
        
    (
        474,
        'Phone Rate Carry',
        8,
        'phone-rate-carry',
        'Support other minute western. Hard my real yeah data good. Because with her hear. Activity vote up three media town. Short me least line treatment.',
        6.65,
        86,
        '2020-01-26 09:24:37',
        '2020-02-12 10:27:30'
    ),
        
    (
        475,
        'Service Argue',
        2,
        'service-argue',
        'Generation energy sure score region.',
        74.17,
        4,
        '2022-06-06 03:21:30',
        '2022-06-19 06:25:02'
    ),
        
    (
        476,
        'Whole Half Candidate',
        3,
        'whole-half-candidate',
        'Strategy which question present.',
        65.42,
        5,
        '2022-08-24 14:03:13',
        '2022-08-29 05:05:43'
    ),
        
    (
        477,
        'Player Same Short High',
        10,
        'player-same-short-high',
        'Order religious owner institution again collection.',
        86.37,
        16,
        '2019-03-24 21:48:41',
        '2019-03-28 01:49:39'
    ),
        
    (
        478,
        'Trouble We',
        2,
        'trouble-we',
        'Traditional close purpose information. Huge easy keep list.',
        13.35,
        78,
        '2023-04-05 02:02:32',
        '2023-04-22 06:02:37'
    ),
        
    (
        479,
        'Certainly You Front Method Evening',
        6,
        'certainly-you-front-method-evening',
        'Area different whom.',
        61.22,
        32,
        '2019-01-18 19:15:31',
        '2019-02-05 13:18:59'
    ),
        
    (
        480,
        'Market Health Candidate',
        6,
        'market-health-candidate',
        'Avoid identify remain national several us answer.',
        65.31,
        96,
        '2023-04-19 01:54:19',
        '2023-04-24 01:56:15'
    ),
        
    (
        481,
        'Relationship Technology Together Travel Successful',
        6,
        'relationship-technology-together-travel-successful',
        'Herself late talk customer key. Unit throw difficult a lot avoid fast.',
        98.79,
        35,
        '2021-02-14 03:28:16',
        '2021-02-15 05:30:17'
    ),
        
    (
        482,
        'Eight Follow Place Property Gas',
        8,
        'eight-follow-place-property-gas',
        'Information close him common without the drive. Policy consumer here after beyond computer. Agree off song my standard rule resource.',
        43.35,
        90,
        '2019-11-18 00:03:36',
        '2019-11-26 08:07:59'
    ),
        
    (
        483,
        'Today General Term Various',
        3,
        'today-general-term-various',
        'Worry think look must wife yard husband. Mention modern part way class perform. Experience sign together bring message there.',
        58.20,
        65,
        '2020-09-26 12:23:58',
        '2020-10-06 16:28:32'
    ),
        
    (
        484,
        'Understand Unit Base',
        6,
        'understand-unit-base',
        'What act blue draw third party real.',
        9.80,
        20,
        '2019-10-05 18:57:10',
        '2019-10-06 17:58:42'
    ),
        
    (
        485,
        'Color Term',
        5,
        'color-term',
        'Service reason century former control choice source.',
        87.12,
        48,
        '2020-10-19 15:01:09',
        '2020-10-31 15:05:37'
    ),
        
    (
        486,
        'Star Decide Must',
        2,
        'star-decide-must',
        'Fall end loss among cause. Impact size find culture. Film others Mrs service.',
        10.17,
        2,
        '2019-07-02 10:59:02',
        '2019-07-06 08:01:43'
    ),
        
    (
        487,
        'Happy Entire Year Material',
        4,
        'happy-entire-year-material',
        'Rate worker daughter could including pretty.',
        90.76,
        1,
        '2019-04-26 05:35:37',
        '2019-04-29 06:36:12'
    ),
        
    (
        488,
        'Group Lot Couple Property Modern',
        3,
        'group-lot-couple-property-modern',
        'Large almost remain modern college.',
        10.30,
        10,
        '2020-07-09 19:16:10',
        '2020-07-30 06:19:34'
    ),
        
    (
        489,
        'Front Mean Feeling Far',
        6,
        'front-mean-feeling-far',
        'Over cause same minute source debate game. Body join real subject hundred PM others. Anyone program we yourself. Strong agree it defense. News about building blood chair.',
        68.51,
        23,
        '2019-04-04 20:37:32',
        '2019-04-15 22:40:31'
    ),
        
    (
        490,
        'Skill Clearly',
        5,
        'skill-clearly',
        'Series then building human Congress young. Past give kitchen image whether might need.',
        8.79,
        52,
        '2023-06-04 03:16:59',
        '2023-06-16 15:17:51'
    ),
        
    (
        491,
        'Poor Surface Threat',
        3,
        'poor-surface-threat',
        'Couple house want own staff various answer. Boy culture cold management learn walk. Light nor meet case property.',
        80.88,
        29,
        '2020-03-07 08:35:53',
        '2020-03-11 21:37:58'
    ),
        
    (
        492,
        'Professor It Board Price Season',
        7,
        'professor-it-board-price-season',
        'Environmental pick recent threat. Each individual game difficult usually they their.',
        50.40,
        69,
        '2019-10-11 09:56:35',
        '2019-10-23 19:00:44'
    ),
        
    (
        493,
        'Book Stop Only Project',
        9,
        'book-stop-only-project',
        'Contain institution foot phone. Area rather against human senior professor three. Attention because cost international.',
        80.11,
        96,
        '2020-12-17 17:37:54',
        '2020-12-27 18:42:02'
    ),
        
    (
        494,
        'Difference Choice View',
        9,
        'difference-choice-view',
        'Speak Democrat eye population point maintain certainly. Although window air party crime. Owner rich commercial. Itself nation note per positive police several success. Board size wall guy.',
        12.75,
        31,
        '2023-06-02 19:08:02',
        '2023-06-19 23:09:26'
    ),
        
    (
        495,
        'Necessary Still Lawyer Player',
        10,
        'necessary-still-lawyer-player',
        'Morning base position speak. Natural career unit wear.',
        15.02,
        18,
        '2019-02-03 12:39:23',
        '2019-02-05 02:40:40'
    ),
        
    (
        496,
        'Suggest Actually Fire Whole Direction',
        4,
        'suggest-actually-fire-whole-direction',
        'Professor science miss television technology church.',
        97.77,
        58,
        '2021-01-06 11:39:48',
        '2021-01-11 03:40:11'
    ),
        
    (
        497,
        'Subject Bag Can',
        3,
        'subject-bag-can',
        'Issue Democrat money mean. Need blue shake of. Development much agency represent. Edge soldier end move many agree already.',
        48.34,
        89,
        '2021-08-08 11:16:46',
        '2021-08-17 15:20:14'
    ),
        
    (
        498,
        'Along Pm Operation',
        10,
        'along-pm-operation',
        'Often reduce north table however stand crime perform. Pass defense civil you maybe. Knowledge drop product same. Yourself lose much shake lawyer.',
        60.19,
        41,
        '2020-11-08 07:28:54',
        '2020-11-29 03:33:38'
    ),
        
    (
        499,
        'Including Article',
        10,
        'including-article',
        'Night mind herself truth. Them suggest bill range its camera tax. Activity pay woman million American.',
        62.98,
        80,
        '2019-11-14 07:09:23',
        '2019-11-30 13:12:02'
    ),
        
    (
        500,
        'Least End',
        5,
        'least-end',
        'Customer memory just if nor wish. Future say above month challenge body. Out ground stop player serious item. With human of million sense follow media. Region society quality apply think less after.',
        65.29,
        10,
        '2022-10-24 11:02:48',
        '2022-11-11 22:05:47'
    ),
        
    (
        501,
        'Positive Within Entire Concern Serve',
        10,
        'positive-within-entire-concern-serve',
        'At begin some fact yet anyone. Charge future outside throw same. Their heavy place name.',
        47.11,
        89,
        '2019-09-02 00:06:37',
        '2019-09-16 06:09:01'
    ),
        
    (
        502,
        'Appear Above Across Worker Late',
        4,
        'appear-above-across-worker-late',
        'Wall factor speech dark sing its low organization. Yourself plan situation kind. Measure machine particularly seem. Probably perhaps prevent how.',
        43.36,
        63,
        '2020-02-16 16:22:49',
        '2020-02-23 06:25:20'
    ),
        
    (
        503,
        'Mean Director Mission',
        8,
        'mean-director-mission',
        'Number style because positive clearly win make if.',
        63.68,
        72,
        '2020-11-23 02:11:17',
        '2020-11-27 02:13:52'
    ),
        
    (
        504,
        'Point Choice Where Success',
        8,
        'point-choice-where-success',
        'Especially prove whole benefit. Meet he join draw. Care near age former even west.',
        7.44,
        72,
        '2022-08-27 10:39:14',
        '2022-09-09 03:40:44'
    ),
        
    (
        505,
        'Common Half Two Here Compare',
        7,
        'common-half-two-here-compare',
        'Continue arm study PM area cold.',
        94.11,
        32,
        '2022-09-11 08:44:15',
        '2022-09-27 02:45:20'
    ),
        
    (
        506,
        'Near Lay Know',
        7,
        'near-lay-know',
        'Seven fine southern free. Compare dark policy start consider second share.',
        23.68,
        16,
        '2020-07-01 06:58:38',
        '2020-07-08 01:58:50'
    ),
        
    (
        507,
        'Source Story Care Which Peace',
        6,
        'source-story-care-which-peace',
        'Coach wife business.',
        6.13,
        59,
        '2022-06-22 01:38:43',
        '2022-07-03 05:40:38'
    ),
        
    (
        508,
        'Activity Say',
        9,
        'activity-say',
        'Choice opportunity civil tree brother member choose. Operation arm education quickly shake.',
        48.30,
        49,
        '2023-06-02 00:57:37',
        '2023-06-17 21:58:49'
    ),
        
    (
        509,
        'Stock Goal Group Travel',
        6,
        'stock-goal-group-travel',
        'Under face agreement majority from. Policy kid often size.',
        66.00,
        81,
        '2021-06-13 14:49:01',
        '2021-06-21 19:53:27'
    ),
        
    (
        510,
        'Occur Probably',
        7,
        'occur-probably',
        'Here try try policy sea. Close play region mind claim.',
        98.89,
        65,
        '2020-01-30 13:52:07',
        '2020-02-13 01:54:38'
    ),
        
    (
        511,
        'Course Trouble Week Woman',
        3,
        'course-trouble-week-woman',
        'Billion then popular foreign set near. Type baby week physical force nor economic. Performance upon director.',
        77.91,
        73,
        '2022-10-17 02:26:45',
        '2022-10-22 12:30:02'
    ),
        
    (
        512,
        'Join Wall Something',
        4,
        'join-wall-something',
        'Pretty to memory article.',
        8.43,
        50,
        '2021-01-26 15:22:53',
        '2021-02-07 05:23:26'
    ),
        
    (
        513,
        'Say Challenge Look Mention',
        8,
        'say-challenge-look-mention',
        'Agreement difference blue final wish occur strong.',
        39.93,
        67,
        '2021-11-05 23:43:39',
        '2021-11-06 11:43:57'
    ),
        
    (
        514,
        'Campaign Plan Area Fly System',
        9,
        'campaign-plan-area-fly-system',
        'Quality pull just often. Kind mention might successful address. Great you no start smile offer.',
        82.65,
        70,
        '2019-02-15 07:26:45',
        '2019-02-23 14:28:58'
    ),
        
    (
        515,
        'Teach Total Study Medical',
        5,
        'teach-total-study-medical',
        'Heart letter few suddenly rest. Population meet during deal product side member. Various inside now gun cell.',
        81.24,
        68,
        '2019-01-02 08:35:32',
        '2019-01-09 13:36:00'
    ),
        
    (
        516,
        'Party Yourself',
        4,
        'party-yourself',
        'Yard involve ability money commercial.',
        64.18,
        15,
        '2022-04-08 03:07:29',
        '2022-04-14 13:09:59'
    ),
        
    (
        517,
        'City Career Maintain Level',
        5,
        'city-career-maintain-level',
        'Street short rise moment coach top military.',
        19.01,
        81,
        '2019-02-04 10:25:12',
        '2019-02-21 11:25:36'
    ),
        
    (
        518,
        'Provide Add Such',
        10,
        'provide-add-such',
        'Of today scene community us up admit.',
        39.94,
        60,
        '2020-07-30 19:33:43',
        '2020-08-08 16:34:57'
    ),
        
    (
        519,
        'Data Game Test',
        3,
        'data-game-test',
        'Voice support itself low.',
        3.38,
        78,
        '2021-09-06 22:21:05',
        '2021-09-23 02:22:11'
    ),
        
    (
        520,
        'Big Such Century Power',
        6,
        'big-such-century-power',
        'Think later population professor dinner section million. Enough real some without man. Many I leave police last learn stand.',
        60.38,
        40,
        '2019-11-11 12:13:54',
        '2019-11-12 03:14:10'
    ),
        
    (
        521,
        'Simple Occur Participant Form',
        6,
        'simple-occur-participant-form',
        'Trouble event data million cover difference. Fast building program present card.',
        26.87,
        96,
        '2019-01-17 12:13:23',
        '2019-01-22 16:16:01'
    ),
        
    (
        522,
        'Research Itself View Explain',
        1,
        'research-itself-view-explain',
        'Husband suggest professional author across treat care degree. Lead article world piece arrive. Support challenge reason apply produce hit. Until operation can value sing.',
        76.86,
        15,
        '2022-07-22 05:22:12',
        '2022-08-02 09:25:57'
    ),
        
    (
        523,
        'Talk Feeling Child Fall Answer',
        7,
        'talk-feeling-child-fall-answer',
        'Attention law up property. Culture red box design century note easy. Billion service building this five rest late say. Next it natural.',
        10.75,
        91,
        '2021-01-13 09:30:11',
        '2021-01-28 03:30:22'
    ),
        
    (
        524,
        'Follow Direction',
        7,
        'follow-direction',
        'Million class carry two. Few read daughter statement environmental. Reach color imagine result yet lead. Democrat subject most exactly. Build prepare fast.',
        64.22,
        54,
        '2021-06-15 09:54:45',
        '2021-06-15 20:55:58'
    ),
        
    (
        525,
        'Far Want Art Center',
        3,
        'far-want-art-center',
        'Organization professional far role able man. Blood indeed tonight sort camera company. Pattern through push generation whose sister. Girl so plant born dog purpose voice type. Bad home level rate safe.',
        48.17,
        39,
        '2022-10-08 04:31:26',
        '2022-10-18 10:32:18'
    ),
        
    (
        526,
        'Less Fact Which',
        6,
        'less-fact-which',
        'Tax none amount as be. Represent admit goal help voice picture service account.',
        24.26,
        96,
        '2023-04-15 10:30:27',
        '2023-04-25 20:32:47'
    ),
        
    (
        527,
        'Maybe Each Realize',
        5,
        'maybe-each-realize',
        'Week herself those that everybody gas. Certain impact next rate yeah development. Story school whose leave north day future.',
        39.42,
        28,
        '2022-01-19 18:21:43',
        '2022-01-26 06:25:03'
    ),
        
    (
        528,
        'Then Foot Tough Accept',
        2,
        'then-foot-tough-accept',
        'Manage trip quickly respond rich future make social.',
        9.54,
        55,
        '2022-02-05 23:45:48',
        '2022-02-23 11:46:22'
    ),
        
    (
        529,
        'Agent Send',
        4,
        'agent-send',
        'Mother lead four participant important team. Avoid develop memory main. Age old glass development common cultural that.',
        26.34,
        89,
        '2022-12-25 14:02:21',
        '2023-01-01 03:07:09'
    ),
        
    (
        530,
        'Win Its Heart',
        1,
        'win-its-heart',
        'Relationship coach event. Republican ground own. Last message pretty consumer source piece current.',
        71.55,
        47,
        '2019-03-29 11:03:46',
        '2019-03-31 14:05:48'
    ),
        
    (
        531,
        'High Yet',
        3,
        'high-yet',
        'Effect age defense rate indeed off agreement interesting. Oil fine food these address Congress its. Idea return wind. Hotel claim fast young sort individual notice language.',
        27.19,
        12,
        '2020-01-22 07:30:40',
        '2020-02-09 13:34:21'
    ),
        
    (
        532,
        'Worker Just',
        10,
        'worker-just',
        'While natural special.',
        1.62,
        98,
        '2020-10-01 04:05:01',
        '2020-10-12 15:05:59'
    ),
        
    (
        533,
        'Similar Sound On Week',
        7,
        'similar-sound-on-week',
        'Along enter at beyond. Study boy decade nature level. Country lose arrive charge fast they clear.',
        78.97,
        24,
        '2023-01-27 04:47:12',
        '2023-02-03 09:48:36'
    ),
        
    (
        534,
        'Effort Growth Magazine Authority Collection',
        4,
        'effort-growth-magazine-authority-collection',
        'Maybe owner parent above research team citizen clearly. Onto order soldier hair.',
        61.09,
        49,
        '2023-01-11 23:45:02',
        '2023-01-23 16:46:30'
    ),
        
    (
        535,
        'Production Anyone Most Whole',
        1,
        'production-anyone-most-whole',
        'College stand do store. Public how matter education just activity face. Since everything same last charge good receive.',
        61.16,
        76,
        '2019-12-27 18:09:18',
        '2019-12-28 13:11:11'
    ),
        
    (
        536,
        'Structure Benefit Serious',
        5,
        'structure-benefit-serious',
        'Condition adult focus design make build. Such thought alone.',
        58.68,
        2,
        '2021-10-11 00:13:28',
        '2021-10-18 05:14:45'
    ),
        
    (
        537,
        'Down Ready Recognize Whether Picture',
        2,
        'down-ready-recognize-whether-picture',
        'Beautiful organization increase mission player. Wait president message establish nature. About account picture firm wait reason wide. Too building evening relate product quality type.',
        67.99,
        58,
        '2021-03-02 22:22:46',
        '2021-03-08 14:27:30'
    ),
        
    (
        538,
        'Cup Lead Treatment Also Exist',
        6,
        'cup-lead-treatment-also-exist',
        'Threat arrive both speech.',
        11.01,
        77,
        '2020-01-15 09:01:08',
        '2020-01-28 17:05:05'
    ),
        
    (
        539,
        'Admit Beat Some Power Also',
        3,
        'admit-beat-some-power-also',
        'Imagine others so their yes. Set feel section school owner almost report fund.',
        32.77,
        91,
        '2019-04-10 16:08:14',
        '2019-05-01 03:11:58'
    ),
        
    (
        540,
        'Machine Easy Next',
        1,
        'machine-easy-next',
        'Up growth move central method sound. Agreement during happen spend low. Major city upon woman too.',
        77.67,
        49,
        '2023-05-22 05:45:32',
        '2023-05-31 09:46:16'
    ),
        
    (
        541,
        'Station Common',
        8,
        'station-common',
        'Never bill none scene themselves yeah. Final artist rich rate. Almost stand class item here ever.',
        19.01,
        26,
        '2019-05-05 12:16:24',
        '2019-05-21 14:19:52'
    ),
        
    (
        542,
        'Reflect Marriage Stand',
        2,
        'reflect-marriage-stand',
        'Half almost light rather.',
        73.55,
        11,
        '2022-03-06 21:47:50',
        '2022-03-17 09:49:32'
    ),
        
    (
        543,
        'Court My Minute Building',
        4,
        'court-my-minute-building',
        'Language tend different hand role their. Option wife far alone well decade real.',
        43.64,
        13,
        '2022-11-10 07:34:45',
        '2022-11-29 05:39:32'
    ),
        
    (
        544,
        'Drug As Live Including Where',
        10,
        'drug-as-live-including-where',
        'Happen ball north tax. Resource word remain if.',
        95.16,
        72,
        '2019-02-16 21:10:52',
        '2019-02-26 23:13:05'
    ),
        
    (
        545,
        'Accept Design',
        2,
        'accept-design',
        'Interesting reach impact scientist market. Low fish lead especially wrong. Tough tend person teach society explain compare.',
        69.95,
        34,
        '2023-04-29 09:57:15',
        '2023-05-03 03:58:47'
    ),
        
    (
        546,
        'Catch Main Base Buy Four',
        5,
        'catch-main-base-buy-four',
        'Administration pay market decide. Clearly like model week common help onto visit. Tree high measure. Save item large understand few open away. Choose science listen environmental common conference.',
        22.52,
        26,
        '2021-06-09 19:59:40',
        '2021-06-21 04:04:10'
    ),
        
    (
        547,
        'Enter Collection',
        7,
        'enter-collection',
        'Thousand character arm detail beautiful outside.',
        65.30,
        18,
        '2022-04-15 14:00:56',
        '2022-05-01 03:04:08'
    ),
        
    (
        548,
        'Instead Full What Key Chair',
        7,
        'instead-full-what-key-chair',
        'Order born fall chair hundred debate. News politics green chance purpose street student office.',
        55.53,
        23,
        '2020-04-13 11:09:58',
        '2020-04-17 05:13:08'
    ),
        
    (
        549,
        'Focus Ahead Firm Key',
        10,
        'focus-ahead-firm-key',
        'Age much finish too whether political style. Politics social plan southern weight. Upon policy alone.',
        49.26,
        87,
        '2019-02-11 05:16:48',
        '2019-02-15 13:21:05'
    ),
        
    (
        550,
        'Realize Never More Hair Office',
        6,
        'realize-never-more-hair-office',
        'Every share provide suggest can factor focus property. Almost box item director actually type. Give tree product treatment view.',
        57.47,
        18,
        '2019-08-17 11:22:36',
        '2019-08-28 03:24:45'
    ),
        
    (
        551,
        'Sea Mouth True Small Church',
        9,
        'sea-mouth-true-small-church',
        'Their read have early debate school. Be again others cell.',
        17.05,
        88,
        '2019-03-24 02:21:07',
        '2019-04-08 08:22:22'
    ),
        
    (
        552,
        'Science Claim Hospital Theory Theory',
        1,
        'science-claim-hospital-theory-theory',
        'Meeting evening share find. Issue environment everything.',
        32.77,
        34,
        '2020-01-28 14:40:59',
        '2020-02-15 11:44:21'
    ),
        
    (
        553,
        'Compare Decide Find Our Authority',
        2,
        'compare-decide-find-our-authority',
        'Parent doctor rather member crime.',
        62.28,
        88,
        '2022-01-17 02:23:00',
        '2022-01-28 14:24:37'
    ),
        
    (
        554,
        'Form Receive Parent',
        6,
        'form-receive-parent',
        'Class rule air project.',
        13.37,
        9,
        '2019-01-03 11:42:47',
        '2019-01-06 12:44:45'
    ),
        
    (
        555,
        'Game Executive Record Leave',
        5,
        'game-executive-record-leave',
        'Section raise conference special. Physical bar space strong star itself crime establish.',
        53.72,
        74,
        '2021-12-01 04:32:43',
        '2021-12-15 00:33:44'
    ),
        
    (
        556,
        'Assume Give South',
        4,
        'assume-give-south',
        'Teach choice sense ahead.',
        63.16,
        82,
        '2019-09-22 05:17:23',
        '2019-09-28 11:18:18'
    ),
        
    (
        557,
        'Her Staff Method',
        9,
        'her-staff-method',
        'Until simply whose. Quite reduce head report area fight enter.',
        2.39,
        30,
        '2019-06-16 14:40:46',
        '2019-07-05 20:41:21'
    ),
        
    (
        558,
        'Mission Sell',
        10,
        'mission-sell',
        'Leave kitchen theory citizen training sit enough.',
        34.33,
        40,
        '2019-05-06 10:15:24',
        '2019-05-13 07:15:41'
    ),
        
    (
        559,
        'Significant Public Use Race Market',
        2,
        'significant-public-use-race-market',
        'Congress current chair ask include short several. Family early perhaps garden political Democrat true.',
        58.23,
        81,
        '2020-08-05 19:10:03',
        '2020-08-07 13:12:41'
    ),
        
    (
        560,
        'Course Difference Effect',
        9,
        'course-difference-effect',
        'Thing lawyer feel continue. Career science very ask adult conference.',
        55.75,
        92,
        '2020-06-09 04:04:31',
        '2020-06-17 04:05:50'
    ),
        
    (
        561,
        'Western Community Similar Reflect Ok',
        1,
        'western-community-similar-reflect-ok',
        'Note evening generation debate those perform money democratic.',
        60.93,
        24,
        '2019-10-01 18:35:59',
        '2019-10-21 19:37:18'
    ),
        
    (
        562,
        'Between Lose Share Almost Up',
        7,
        'between-lose-share-almost-up',
        'Theory development face bed involve hospital huge on. Fall hand four anyone. Wonder key risk data direction herself.',
        44.16,
        49,
        '2021-06-24 17:03:34',
        '2021-07-13 08:06:07'
    ),
        
    (
        563,
        'Bank Conference Suffer Space',
        9,
        'bank-conference-suffer-space',
        'Form back west bit.',
        99.55,
        26,
        '2022-11-05 19:28:31',
        '2022-11-07 00:32:26'
    ),
        
    (
        564,
        'Boy Huge Shoulder',
        7,
        'boy-huge-shoulder',
        'Model recognize collection happy difficult.',
        13.88,
        37,
        '2020-09-19 13:32:56',
        '2020-09-20 10:33:15'
    ),
        
    (
        565,
        'Draw Behind Why Gun Animal',
        3,
        'draw-behind-why-gun-animal',
        'Item minute ground director work heart expert.',
        61.12,
        48,
        '2021-03-17 00:46:14',
        '2021-03-21 12:50:08'
    ),
        
    (
        566,
        'I Pretty Method Present',
        8,
        'i-pretty-method-present',
        'War success property across become. Prevent over such song. Body coach simply finally control. Identify cause everything guess glass. With right do society.',
        82.02,
        62,
        '2023-02-10 23:59:30',
        '2023-02-11 15:03:20'
    ),
        
    (
        567,
        'Chance Child Reveal Break',
        5,
        'chance-child-reveal-break',
        'Test idea realize easy according glass. Man customer care its.',
        33.09,
        9,
        '2019-01-25 07:26:07',
        '2019-01-29 08:27:45'
    ),
        
    (
        568,
        'Plant Local Build Officer Risk',
        7,
        'plant-local-build-officer-risk',
        'Behind reality travel building argue nice religious. Check change home between.',
        92.60,
        97,
        '2019-02-23 00:14:18',
        '2019-03-02 19:18:15'
    ),
        
    (
        569,
        'Interest What Financial',
        2,
        'interest-what-financial',
        'Executive call power various fish likely serious attorney. Keep large growth subject standard. Past hair hour agree through single hope.',
        78.49,
        100,
        '2021-05-04 19:48:56',
        '2021-05-22 20:50:52'
    ),
        
    (
        570,
        'Sometimes Different',
        6,
        'sometimes-different',
        'Budget two line quality social. Officer need particular. Allow young sell child yourself pull doctor attack.',
        60.14,
        51,
        '2019-11-24 07:35:51',
        '2019-11-29 02:38:08'
    ),
        
    (
        571,
        'Into Game Partner My Mean',
        2,
        'into-game-partner-my-mean',
        'Yes together one grow.',
        68.15,
        48,
        '2019-11-10 09:59:16',
        '2019-11-19 08:04:02'
    ),
        
    (
        572,
        'Sit Floor Sometimes',
        1,
        'sit-floor-sometimes',
        'Pressure computer as customer use.',
        86.71,
        28,
        '2023-01-21 21:02:02',
        '2023-01-25 15:03:35'
    ),
        
    (
        573,
        'Minute Story Then',
        5,
        'minute-story-then',
        'Task focus fall less. Second newspaper lot among charge fast. Usually by describe even. Out quickly people decide break toward set gun.',
        17.95,
        70,
        '2020-02-19 15:19:08',
        '2020-03-03 08:24:06'
    ),
        
    (
        574,
        'Short Successful Building',
        9,
        'short-successful-building',
        'Of surface account sea house it.',
        23.67,
        82,
        '2019-07-24 13:16:53',
        '2019-08-06 04:21:16'
    ),
        
    (
        575,
        'She Make Once',
        6,
        'she-make-once',
        'Property citizen card behind.',
        51.13,
        10,
        '2019-11-04 23:44:31',
        '2019-11-20 15:47:10'
    ),
        
    (
        576,
        'Back Beat Offer',
        4,
        'back-beat-offer',
        'At still through play. Word capital win my. Large traditional nothing ask treatment.',
        8.33,
        8,
        '2020-02-04 05:05:33',
        '2020-02-23 03:10:25'
    ),
        
    (
        577,
        'Build Impact Likely Writer Today',
        4,
        'build-impact-likely-writer-today',
        'Inside our arm.',
        40.73,
        65,
        '2020-02-12 05:38:46',
        '2020-02-21 23:41:24'
    ),
        
    (
        578,
        'Value Last',
        6,
        'value-last',
        'Act executive protect early keep.',
        6.56,
        79,
        '2021-09-27 07:00:29',
        '2021-10-12 09:01:37'
    ),
        
    (
        579,
        'Allow Money Five Let If',
        9,
        'allow-money-five-let-if',
        'Be all suffer trade.',
        40.68,
        43,
        '2021-02-15 01:33:26',
        '2021-02-22 02:38:14'
    ),
        
    (
        580,
        'Catch House Society',
        6,
        'catch-house-society',
        'Against go beautiful book positive general energy. Four rule sport main begin. Student Mr find play page matter discussion. Institution and citizen sport plan.',
        73.17,
        1,
        '2021-04-18 09:16:52',
        '2021-05-01 10:19:14'
    ),
        
    (
        581,
        'Above Body Defense',
        5,
        'above-body-defense',
        'Could president suddenly sea. Once which walk hand usually authority base. Leader shake protect best task likely reflect both. Matter become including benefit.',
        68.15,
        39,
        '2020-08-07 05:43:43',
        '2020-08-22 20:44:34'
    ),
        
    (
        582,
        'Give Kind Meet Per Chair',
        1,
        'give-kind-meet-per-chair',
        'Street game provide soon worry agency age. Small election television front cost travel project.',
        93.59,
        10,
        '2019-11-30 05:47:29',
        '2019-12-05 01:52:05'
    ),
        
    (
        583,
        'Area Herself Plan Theory Laugh',
        3,
        'area-herself-plan-theory-laugh',
        'Particular current paper include.',
        55.24,
        56,
        '2022-10-09 02:53:44',
        '2022-10-24 23:55:41'
    ),
        
    (
        584,
        'Around Benefit',
        2,
        'around-benefit',
        'Young anyone fund and guess him send. Back story way this whether black itself man. Wall baby gas late or.',
        51.79,
        79,
        '2021-06-09 14:27:56',
        '2021-06-11 00:31:50'
    ),
        
    (
        585,
        'Treat Class Wide Early Surface',
        10,
        'treat-class-wide-early-surface',
        'Ever under land my. Box number call. Artist power radio.',
        51.76,
        1,
        '2021-06-23 02:14:06',
        '2021-06-25 16:14:13'
    ),
        
    (
        586,
        'Information Society Age Involve',
        3,
        'information-society-age-involve',
        'We perform American different. Environment throw doctor science wall science budget.',
        25.92,
        87,
        '2023-06-08 20:22:30',
        '2023-06-09 14:25:36'
    ),
        
    (
        587,
        'Example Student Hour Central Leader',
        10,
        'example-student-hour-central-leader',
        'Arm can realize.',
        11.71,
        95,
        '2023-02-02 14:04:36',
        '2023-02-22 23:05:31'
    ),
        
    (
        588,
        'Back My Everything',
        3,
        'back-my-everything',
        'Board class rule process window.',
        4.12,
        1,
        '2021-12-06 03:32:00',
        '2021-12-15 15:34:22'
    ),
        
    (
        589,
        'Number Fact Station',
        4,
        'number-fact-station',
        'Think discussion shake now.',
        43.80,
        27,
        '2021-02-10 07:03:01',
        '2021-02-27 19:03:50'
    ),
        
    (
        590,
        'Work Where As Necessary House',
        3,
        'work-where-as-necessary-house',
        'Growth one kitchen already policy discover when. Republican read last someone use area mission. Sister station finish industry hope court bed break.',
        9.36,
        48,
        '2022-02-07 09:49:54',
        '2022-02-20 08:50:19'
    ),
        
    (
        591,
        'Remain You Study Second',
        4,
        'remain-you-study-second',
        'Teacher manage ever certain common.',
        32.83,
        29,
        '2020-04-05 10:38:32',
        '2020-04-23 14:41:55'
    ),
        
    (
        592,
        'Relationship Wall Someone',
        2,
        'relationship-wall-someone',
        'Law west thus movie. Certainly professional success executive nearly popular. Still beyond see positive kid garden hold.',
        4.46,
        93,
        '2020-07-20 20:10:21',
        '2020-07-25 15:11:37'
    ),
        
    (
        593,
        'Well Unit',
        9,
        'well-unit',
        'Maybe different statement might.',
        20.54,
        13,
        '2022-01-31 02:28:36',
        '2022-02-12 23:30:31'
    ),
        
    (
        594,
        'Organization Appear Air Threat',
        6,
        'organization-appear-air-threat',
        'Up fire film.',
        40.36,
        62,
        '2023-02-04 23:53:59',
        '2023-02-22 09:54:54'
    ),
        
    (
        595,
        'Analysis Meeting',
        5,
        'analysis-meeting',
        'Face player site discover still. Program throughout local my develop bill case. Provide crime build strategy believe medical.',
        10.65,
        13,
        '2020-10-18 11:15:46',
        '2020-10-26 09:16:33'
    ),
        
    (
        596,
        'Common Kitchen Agency Item',
        6,
        'common-kitchen-agency-item',
        'Past site trade anything image however.',
        8.55,
        89,
        '2023-01-08 10:23:30',
        '2023-01-24 04:27:13'
    ),
        
    (
        597,
        'Fly Dinner Although Practice Certainly',
        7,
        'fly-dinner-although-practice-certainly',
        'Commercial machine sure per else.',
        99.76,
        61,
        '2020-11-29 08:10:32',
        '2020-12-16 09:12:55'
    ),
        
    (
        598,
        'Hard Another',
        3,
        'hard-another',
        'Method itself true fall head room share reach. Machine section board race that to.',
        67.98,
        82,
        '2020-06-04 19:33:33',
        '2020-06-22 19:38:11'
    ),
        
    (
        599,
        'Left Tough Learn Trip',
        8,
        'left-tough-learn-trip',
        'Late media pass majority sound figure price. Sell short mind prevent age car.',
        25.00,
        53,
        '2022-05-22 18:50:32',
        '2022-05-31 16:53:06'
    ),
        
    (
        600,
        'Property Hand Another Tax',
        10,
        'property-hand-another-tax',
        'Theory early page note end partner quickly perhaps.',
        58.71,
        44,
        '2020-01-19 22:55:12',
        '2020-02-04 04:56:32'
    ),
        
    (
        601,
        'Year Rich Office Research Quality',
        5,
        'year-rich-office-research-quality',
        'Public region it. Write travel head although before.',
        31.78,
        45,
        '2020-12-27 12:04:28',
        '2020-12-31 00:06:32'
    ),
        
    (
        602,
        'Whatever Arrive Onto Think Pick',
        5,
        'whatever-arrive-onto-think-pick',
        'Bit writer hope score instead spend recently. Cover edge large people get. Choose growth technology city. Baby rich plant need field.',
        57.12,
        19,
        '2020-10-19 02:32:47',
        '2020-11-08 05:35:58'
    ),
        
    (
        603,
        'Approach Day Seat Social',
        8,
        'approach-day-seat-social',
        'Eye represent sound rule impact end require.',
        1.98,
        53,
        '2023-05-12 05:47:43',
        '2023-05-29 10:48:00'
    ),
        
    (
        604,
        'Stop Dream',
        7,
        'stop-dream',
        'Through anyone help respond walk this whether. Tonight natural student.',
        66.91,
        100,
        '2019-02-13 16:46:24',
        '2019-02-21 22:48:53'
    ),
        
    (
        605,
        'Thus Deep Save',
        10,
        'thus-deep-save',
        'Agent go kid technology. Guess memory fact cover born. Tell daughter door ability heart stand around.',
        10.10,
        53,
        '2020-01-09 10:04:42',
        '2020-01-30 00:08:43'
    ),
        
    (
        606,
        'Born Image',
        4,
        'born-image',
        'Picture between fund begin.',
        71.32,
        31,
        '2022-01-02 23:57:49',
        '2022-01-05 16:58:25'
    ),
        
    (
        607,
        'Old Politics Job Look Question',
        4,
        'old-politics-job-look-question',
        'If relate mean west business. Safe our direction benefit fine. Hair lawyer investment right himself over sort.',
        71.88,
        78,
        '2022-04-12 20:27:32',
        '2022-05-02 15:31:55'
    ),
        
    (
        608,
        'Field Agreement Right Change',
        10,
        'field-agreement-right-change',
        'Practice six ago method us.',
        69.32,
        90,
        '2020-11-27 13:06:04',
        '2020-12-10 18:06:54'
    ),
        
    (
        609,
        'Provide Billion Law Simply',
        5,
        'provide-billion-law-simply',
        'Begin road say part bank machine.',
        35.69,
        64,
        '2021-05-26 22:42:50',
        '2021-06-14 02:44:39'
    ),
        
    (
        610,
        'Hot Theory Inside',
        6,
        'hot-theory-inside',
        'Very class yard organization bad decision under. Sound single play might.',
        12.75,
        49,
        '2020-08-24 05:17:08',
        '2020-08-28 15:17:41'
    ),
        
    (
        611,
        'Treatment Lot Night',
        3,
        'treatment-lot-night',
        'As accept couple discover know her near.',
        73.94,
        30,
        '2019-02-05 07:37:39',
        '2019-02-16 08:40:50'
    ),
        
    (
        612,
        'Old Dream Could',
        3,
        'old-dream-could',
        'Throughout should key live sometimes fill clearly. Can vote wonder know. Watch serious store mind analysis care low. Sell front development.',
        41.31,
        88,
        '2022-01-28 05:02:09',
        '2022-02-13 19:03:48'
    ),
        
    (
        613,
        'Will Space Near Performance',
        10,
        'will-space-near-performance',
        'Thing simple minute likely quality quickly. Sell learn system side significant window keep break.',
        99.67,
        81,
        '2019-02-12 20:50:14',
        '2019-03-03 10:54:27'
    ),
        
    (
        614,
        'Black The Power Me Arrive',
        5,
        'black-the-power-me-arrive',
        'Low sit lot half tell. Enjoy hand idea. About color rather sometimes.',
        24.88,
        72,
        '2020-12-15 08:00:32',
        '2020-12-31 22:04:08'
    ),
        
    (
        615,
        'Between Where',
        7,
        'between-where',
        'Situation voice back open sort military expert on.',
        50.87,
        64,
        '2022-04-16 11:14:30',
        '2022-04-19 07:18:51'
    ),
        
    (
        616,
        'Back Up Film',
        9,
        'back-up-film',
        'No plan really society suggest cultural.',
        7.94,
        68,
        '2022-04-28 20:38:19',
        '2022-05-12 14:41:11'
    ),
        
    (
        617,
        'See History',
        3,
        'see-history',
        'Single whom even dinner whom live.',
        74.62,
        65,
        '2023-01-09 09:19:41',
        '2023-01-21 04:23:47'
    ),
        
    (
        618,
        'Carry Process',
        8,
        'carry-process',
        'Character writer figure summer.',
        33.28,
        36,
        '2022-05-27 04:33:05',
        '2022-06-02 12:36:20'
    ),
        
    (
        619,
        'Win Different Beyond Like Big',
        10,
        'win-different-beyond-like-big',
        'List show list blue each usually any.',
        74.49,
        27,
        '2020-11-03 13:37:24',
        '2020-11-22 09:37:39'
    ),
        
    (
        620,
        'Rule Way Young',
        3,
        'rule-way-young',
        'Age member inside record front realize over manage.',
        43.97,
        92,
        '2020-08-14 12:23:13',
        '2020-08-16 04:27:08'
    ),
        
    (
        621,
        'Wear Animal Unit',
        8,
        'wear-animal-unit',
        'Dinner control hair magazine include. Heavy total party century price enough.',
        69.67,
        37,
        '2020-08-16 02:42:34',
        '2020-08-23 16:46:05'
    ),
        
    (
        622,
        'Concern Let Child',
        5,
        'concern-let-child',
        'Rock central although use my could.',
        52.32,
        97,
        '2019-05-02 10:30:15',
        '2019-05-02 20:31:57'
    ),
        
    (
        623,
        'Buy Free Popular Hair Decide',
        2,
        'buy-free-popular-hair-decide',
        'Worker consumer maybe charge turn cost grow.',
        83.97,
        54,
        '2023-06-08 23:27:12',
        '2023-06-16 10:29:06'
    ),
        
    (
        624,
        'Film Make Huge',
        2,
        'film-make-huge',
        'Short machine find also both.',
        84.01,
        84,
        '2021-05-23 03:14:46',
        '2021-06-03 08:15:15'
    ),
        
    (
        625,
        'Politics Mind Raise Her',
        2,
        'politics-mind-raise-her',
        'Speech seven speech around show news gas whom.',
        63.12,
        1,
        '2022-03-24 02:02:13',
        '2022-03-27 13:06:52'
    ),
        
    (
        626,
        'Sister Ever Understand',
        10,
        'sister-ever-understand',
        'Create next mind bank. But fire green option inside strategy big. Minute traditional we. Free easy arrive win.',
        93.87,
        42,
        '2021-09-09 16:58:33',
        '2021-09-25 03:02:58'
    ),
        
    (
        627,
        'Because Field Street Nation Believe',
        3,
        'because-field-street-nation-believe',
        'Through police service keep. Every time in attorney minute why.',
        42.53,
        46,
        '2020-01-25 10:37:54',
        '2020-02-07 22:39:53'
    ),
        
    (
        628,
        'Since Crime Born Challenge',
        1,
        'since-crime-born-challenge',
        'Attack ready worker across.',
        68.49,
        57,
        '2022-03-16 10:32:18',
        '2022-03-18 18:35:33'
    ),
        
    (
        629,
        'Civil Population Role Writer',
        2,
        'civil-population-role-writer',
        'Science half wind organization wind practice anything. Consumer talk identify sea into song friend structure. Free evening but spend now. In difficult them star.',
        65.96,
        70,
        '2019-09-28 13:06:31',
        '2019-10-19 07:07:04'
    ),
        
    (
        630,
        'Some Action Never Anything',
        6,
        'some-action-never-anything',
        'Improve someone change. Road summer style author why. Fund drop kind use around. Represent play focus. Child section artist continue series entire.',
        83.04,
        72,
        '2021-07-24 07:57:39',
        '2021-07-28 15:02:07'
    ),
        
    (
        631,
        'Material Value Really Realize',
        1,
        'material-value-really-realize',
        'Everything trip across. Something exactly finish move court focus no. At explain research.',
        59.18,
        92,
        '2021-12-13 23:52:07',
        '2021-12-17 08:57:01'
    ),
        
    (
        632,
        'Natural Say',
        8,
        'natural-say',
        'Fund notice end center happy.',
        60.77,
        41,
        '2022-06-13 01:36:02',
        '2022-06-21 21:38:05'
    ),
        
    (
        633,
        'Available Factor',
        7,
        'available-factor',
        'Others air risk attack respond may. Court city institution thus so store.',
        54.61,
        64,
        '2021-11-14 16:34:12',
        '2021-11-24 08:38:25'
    ),
        
    (
        634,
        'Response Still',
        5,
        'response-still',
        'Although nation seek subject measure well pressure.',
        58.85,
        46,
        '2020-09-27 20:45:56',
        '2020-09-30 14:50:39'
    ),
        
    (
        635,
        'Brother Country',
        10,
        'brother-country',
        'Hotel off item. Impact might without space.',
        64.25,
        64,
        '2022-07-23 14:13:50',
        '2022-08-13 03:15:46'
    ),
        
    (
        636,
        'Behind Sport Forget Begin',
        9,
        'behind-sport-forget-begin',
        'Clear or trial simply. Phone law begin finish since avoid.',
        72.61,
        26,
        '2022-04-18 03:42:22',
        '2022-04-20 06:43:00'
    ),
        
    (
        637,
        'Represent Move Newspaper Order',
        1,
        'represent-move-newspaper-order',
        'Current nearly never field know next.',
        61.86,
        47,
        '2022-01-07 12:35:24',
        '2022-01-24 00:36:56'
    ),
        
    (
        638,
        'Management Read',
        4,
        'management-read',
        'History all newspaper hospital. Reduce hear reason table play tell even. Attorney have source dark assume choice.',
        13.63,
        33,
        '2019-02-28 22:03:41',
        '2019-03-14 18:08:29'
    ),
        
    (
        639,
        'Future Teach',
        4,
        'future-teach',
        'Career plant necessary body near check. Head pull history boy. Decide base time.',
        88.84,
        60,
        '2020-08-19 04:58:48',
        '2020-08-31 20:00:57'
    ),
        
    (
        640,
        'Side Employee',
        4,
        'side-employee',
        'Congress decade similar new.',
        20.04,
        88,
        '2023-03-21 16:47:18',
        '2023-03-30 13:52:01'
    ),
        
    (
        641,
        'Southern However Heavy',
        7,
        'southern-however-heavy',
        'Have article nation red whole. Maintain whose early itself.',
        95.77,
        58,
        '2023-02-14 22:47:21',
        '2023-02-17 02:52:01'
    ),
        
    (
        642,
        'Computer Run Stage',
        7,
        'computer-run-stage',
        'Worry interest every. Skin artist list might energy bed focus brother. Behavior tonight all scene on leg major. Station test there war site.',
        52.34,
        75,
        '2020-04-24 03:24:48',
        '2020-05-11 09:29:32'
    ),
        
    (
        643,
        'Town Page Southern College Set',
        10,
        'town-page-southern-college-set',
        'Environment beautiful future ten blue.',
        66.98,
        53,
        '2019-07-29 11:41:09',
        '2019-08-07 02:43:53'
    ),
        
    (
        644,
        'Machine Front Drive Drive',
        4,
        'machine-front-drive-drive',
        'Sing air increase attention anyone pressure. Fear participant produce paper coach mind show ready.',
        52.70,
        92,
        '2022-03-17 12:43:20',
        '2022-03-26 00:44:32'
    ),
        
    (
        645,
        'Time Morning',
        1,
        'time-morning',
        'Color world first year.',
        62.58,
        20,
        '2022-08-31 07:03:47',
        '2022-09-01 08:07:52'
    ),
        
    (
        646,
        'Fly Collection International Doctor Practice',
        4,
        'fly-collection-international-doctor-practice',
        'Record sister yourself suddenly picture. Successful sing result material both. From firm finish land large room. Case offer wide occur.',
        51.45,
        32,
        '2019-06-06 16:18:06',
        '2019-06-15 19:19:36'
    ),
        
    (
        647,
        'International Fire Its',
        5,
        'international-fire-its',
        'Difficult whatever natural sit start relate. I fire source benefit care economy can.',
        10.97,
        28,
        '2019-01-21 15:12:55',
        '2019-01-24 12:17:02'
    ),
        
    (
        648,
        'Peace Day Scene Mr Couple',
        2,
        'peace-day-scene-mr-couple',
        'Own newspaper mission article sell sing. Federal have response reach summer realize science. Policy future surface Mr.',
        53.50,
        29,
        '2023-02-22 15:50:08',
        '2023-03-04 02:52:14'
    ),
        
    (
        649,
        'Few Prevent Myself',
        9,
        'few-prevent-myself',
        'Pull environmental anything thank inside magazine tree interesting.',
        70.02,
        52,
        '2022-04-22 20:56:15',
        '2022-05-08 23:58:54'
    ),
        
    (
        650,
        'Would Become Usually Effect',
        3,
        'would-become-usually-effect',
        'Play program glass region.',
        79.89,
        36,
        '2022-07-26 08:19:32',
        '2022-08-02 10:23:15'
    ),
        
    (
        651,
        'Summer Market Area',
        8,
        'summer-market-area',
        'Fine rest discover over crime military way. Step later room suffer away institution.',
        2.30,
        55,
        '2023-05-07 19:35:39',
        '2023-05-18 03:36:01'
    ),
        
    (
        652,
        'Response Book Detail Still Traditional',
        5,
        'response-book-detail-still-traditional',
        'Control gun them chance member close. Management seek on wait age onto trip news. Whole school way should just. Join ask thing science wait.',
        94.32,
        48,
        '2021-07-16 04:43:13',
        '2021-08-03 14:45:12'
    ),
        
    (
        653,
        'Easy Read Any Scientist Him',
        6,
        'easy-read-any-scientist-him',
        'At itself score that visit. Everyone piece success as benefit. Join age at grow rise late.',
        3.29,
        37,
        '2020-04-14 08:16:38',
        '2020-04-17 06:20:08'
    ),
        
    (
        654,
        'Everything Worker Relationship Sense',
        7,
        'everything-worker-relationship-sense',
        'Back knowledge research skill. Another day partner soon carry later. Wind performance fast training need chair task. I scene term thus. Blood investment money money.',
        5.89,
        80,
        '2019-12-18 11:34:09',
        '2019-12-27 08:38:27'
    ),
        
    (
        655,
        'Staff Spend Tell Painting',
        1,
        'staff-spend-tell-painting',
        'Sure citizen fact price else. Crime prepare identify hard life summer serious here. Knowledge station technology kitchen business cell. Finish commercial attention art cell who move.',
        70.38,
        62,
        '2022-02-01 23:34:14',
        '2022-02-09 23:37:45'
    ),
        
    (
        656,
        'Cultural Store Our Bed Environment',
        6,
        'cultural-store-our-bed-environment',
        'Per close apply drive. Prepare rather light address people. Act drop watch. Win community must toward at method loss.',
        70.15,
        9,
        '2022-02-25 18:15:11',
        '2022-03-06 18:18:18'
    ),
        
    (
        657,
        'But This',
        10,
        'but-this',
        'Arrive face result authority hold. Myself spring door determine hundred home. Cause care short development. Significant candidate data material defense scientist upon southern.',
        66.25,
        53,
        '2020-12-06 18:16:49',
        '2020-12-19 07:21:22'
    ),
        
    (
        658,
        'Music Edge Others Individual Tree',
        7,
        'music-edge-others-individual-tree',
        'Expert help good and stop cover make. Close beautiful result. Age western social result contain.',
        65.33,
        18,
        '2020-11-05 09:59:55',
        '2020-11-06 07:02:41'
    ),
        
    (
        659,
        'Remain Address Exactly Establish',
        2,
        'remain-address-exactly-establish',
        'Ten water exist particular. Whose degree structure partner enjoy. Law which fall leg eye reason party. Staff scene rise. Newspaper feeling Democrat rule statement action.',
        4.35,
        18,
        '2022-02-02 08:04:19',
        '2022-02-14 04:05:33'
    ),
        
    (
        660,
        'Relate Situation Budget True',
        1,
        'relate-situation-budget-true',
        'Add degree whom thank leave body international. Fund development name wind level name plan friend. Need character fear who certainly no down detail. Teacher three son thank sound near.',
        66.23,
        9,
        '2020-12-18 23:17:58',
        '2020-12-21 07:22:51'
    ),
        
    (
        661,
        'Risk Ok Or Least Anyone',
        10,
        'risk-ok-or-least-anyone',
        'Per pull medical bed.',
        87.95,
        24,
        '2022-08-07 20:26:41',
        '2022-08-09 12:30:57'
    ),
        
    (
        662,
        'Onto Rather Rule Join Choose',
        9,
        'onto-rather-rule-join-choose',
        'Smile spring energy.',
        16.63,
        80,
        '2022-12-19 18:34:42',
        '2022-12-20 19:36:32'
    ),
        
    (
        663,
        'No Race Table Industry Remember',
        8,
        'no-race-table-industry-remember',
        'Cost pretty happen question lay. Message fish catch miss.',
        43.62,
        88,
        '2019-02-09 00:01:57',
        '2019-02-27 07:06:07'
    ),
        
    (
        664,
        'List Kitchen Participant Knowledge',
        4,
        'list-kitchen-participant-knowledge',
        'Phone program toward as. Would point say physical agency ever letter. Recently nation close personal dream. Tax when world glass occur.',
        6.44,
        6,
        '2020-11-09 19:24:15',
        '2020-11-17 00:25:45'
    ),
        
    (
        665,
        'Final By History',
        2,
        'final-by-history',
        'Hotel question great population only card across present. Care government culture various new community.',
        83.96,
        91,
        '2022-06-15 17:49:05',
        '2022-06-30 03:49:16'
    ),
        
    (
        666,
        'Game Industry Cup Forward Free',
        4,
        'game-industry-cup-forward-free',
        'Standard and my star policy.',
        68.33,
        99,
        '2022-12-16 19:06:08',
        '2022-12-18 18:10:07'
    ),
        
    (
        667,
        'Catch Must Notice',
        3,
        'catch-must-notice',
        'Second surface really.',
        38.72,
        64,
        '2022-06-12 02:28:10',
        '2022-06-14 19:29:04'
    ),
        
    (
        668,
        'Matter Out',
        7,
        'matter-out',
        'Around worker form sort safe join wife.',
        77.88,
        82,
        '2022-09-14 01:06:45',
        '2022-09-17 15:11:09'
    ),
        
    (
        669,
        'Bag Member Past',
        5,
        'bag-member-past',
        'Reduce father baby factor see us nice. Model another thought allow do foreign former.',
        27.05,
        99,
        '2021-09-11 11:53:26',
        '2021-09-30 13:53:57'
    ),
        
    (
        670,
        'Send City',
        4,
        'send-city',
        'Magazine similar his.',
        17.76,
        79,
        '2022-01-17 04:33:36',
        '2022-02-01 15:37:03'
    ),
        
    (
        671,
        'Green Least Interesting',
        2,
        'green-least-interesting',
        'Term draw case wife sort nor crime. Inside truth lot light.',
        69.90,
        58,
        '2021-08-16 15:52:12',
        '2021-08-18 14:55:24'
    ),
        
    (
        672,
        'Peace Yourself Activity Partner Popular',
        10,
        'peace-yourself-activity-partner-popular',
        'Even interesting usually view. Consider performance star model health.',
        11.29,
        23,
        '2019-02-26 03:41:25',
        '2019-03-04 19:45:12'
    ),
        
    (
        673,
        'Include System Heart',
        3,
        'include-system-heart',
        'Some oil international these.',
        46.70,
        68,
        '2022-04-19 04:01:56',
        '2022-04-28 15:04:58'
    ),
        
    (
        674,
        'Upon Court Change Word Threat',
        8,
        'upon-court-change-word-threat',
        'Wait drop everybody necessary. Of art raise lose.',
        24.31,
        46,
        '2022-10-24 09:52:59',
        '2022-11-08 08:56:53'
    ),
        
    (
        675,
        'Among Their Heavy Mean Idea',
        1,
        'among-their-heavy-mean-idea',
        'Piece himself skill story both box price energy. Trial simple finish sometimes military piece. Radio should lay big agree movie statement.',
        58.05,
        22,
        '2020-07-04 19:06:43',
        '2020-07-15 12:07:04'
    ),
        
    (
        676,
        'Amount Case Behavior Final For',
        5,
        'amount-case-behavior-final-for',
        'Night should interesting threat themselves war class front. Interview way her political economic plan everything right. Method training whose. Else design community information start conference dinner interview.',
        97.93,
        68,
        '2021-02-03 09:05:53',
        '2021-02-09 13:07:48'
    ),
        
    (
        677,
        'House Over More Expect Price',
        5,
        'house-over-more-expect-price',
        'State standard skin house.',
        60.84,
        2,
        '2023-06-11 06:27:41',
        '2023-06-12 02:29:30'
    ),
        
    (
        678,
        'Back Middle Age Life Operation',
        8,
        'back-middle-age-life-operation',
        'Officer success bit exist message mouth.',
        6.59,
        91,
        '2021-08-01 09:38:50',
        '2021-08-04 06:42:50'
    ),
        
    (
        679,
        'Walk Citizen Best Husband Start',
        6,
        'walk-citizen-best-husband-start',
        'Glass room role we visit.',
        83.89,
        51,
        '2021-03-03 18:38:33',
        '2021-03-22 13:39:44'
    ),
        
    (
        680,
        'Bag Charge Skin Physical Sure',
        1,
        'bag-charge-skin-physical-sure',
        'Thing attack say beyond line.',
        37.58,
        61,
        '2020-08-25 00:07:26',
        '2020-09-05 08:11:08'
    ),
        
    (
        681,
        'Election Far Environment Believe',
        3,
        'election-far-environment-believe',
        'Owner find probably move. Range reality successful modern plan skin.',
        92.92,
        91,
        '2021-07-03 11:14:05',
        '2021-07-10 11:16:16'
    ),
        
    (
        682,
        'Main Ground Gun',
        10,
        'main-ground-gun',
        'Key order support.',
        75.14,
        99,
        '2020-12-01 06:37:19',
        '2020-12-03 16:41:03'
    ),
        
    (
        683,
        'Provide Girl Instead Movement More',
        8,
        'provide-girl-instead-movement-more',
        'Minute car bad hotel save people understand. Seat wide almost a.',
        25.94,
        82,
        '2020-10-03 06:07:51',
        '2020-10-14 15:08:47'
    ),
        
    (
        684,
        'Subject Three Instead',
        10,
        'subject-three-instead',
        'Training fast poor strategy.',
        19.09,
        55,
        '2023-05-09 17:28:41',
        '2023-05-14 03:30:07'
    ),
        
    (
        685,
        'Position Open Also Always',
        3,
        'position-open-also-always',
        'Policy face also along.',
        96.03,
        58,
        '2020-05-04 18:06:18',
        '2020-05-11 05:08:05'
    ),
        
    (
        686,
        'Evidence Hour Worry Thing',
        7,
        'evidence-hour-worry-thing',
        'Doctor young old opportunity service mention sign. Establish because hotel source.',
        45.17,
        34,
        '2021-07-10 05:48:40',
        '2021-07-17 22:51:23'
    ),
        
    (
        687,
        'War If City',
        7,
        'war-if-city',
        'Do audience fast force approach to.',
        29.92,
        78,
        '2019-08-11 06:06:25',
        '2019-08-25 20:06:55'
    ),
        
    (
        688,
        'Line Past',
        6,
        'line-past',
        'Anything much already put public four reveal.',
        80.52,
        32,
        '2021-07-09 23:21:39',
        '2021-07-14 06:22:02'
    ),
        
    (
        689,
        'Receive Rather Continue',
        5,
        'receive-rather-continue',
        'Son middle develop write. Could college my line common green. Without somebody art dog itself alone social.',
        47.04,
        98,
        '2022-09-16 16:56:46',
        '2022-10-03 14:59:27'
    ),
        
    (
        690,
        'Myself He',
        4,
        'myself-he',
        'More politics vote character language. Education available thank this coach best. Consumer during third half here wait anything. Federal his break choice.',
        25.39,
        28,
        '2020-10-07 18:54:16',
        '2020-10-20 21:54:37'
    ),
        
    (
        691,
        'Cup For',
        4,
        'cup-for',
        'Vote commercial church remember.',
        58.21,
        33,
        '2020-04-12 22:22:42',
        '2020-05-02 11:25:39'
    ),
        
    (
        692,
        'Parent Voice Name American',
        2,
        'parent-voice-name-american',
        'Food school wear likely.',
        67.04,
        39,
        '2019-04-17 11:42:19',
        '2019-04-30 13:42:58'
    ),
        
    (
        693,
        'Give Fall',
        1,
        'give-fall',
        'Tax young keep.',
        6.54,
        34,
        '2020-03-22 10:42:19',
        '2020-04-08 05:43:21'
    ),
        
    (
        694,
        'Itself Court Mother',
        3,
        'itself-court-mother',
        'Scientist point away any likely. Sport machine discuss response have discussion.',
        6.27,
        25,
        '2022-04-22 12:15:58',
        '2022-05-07 10:19:20'
    ),
        
    (
        695,
        'Hotel Him',
        2,
        'hotel-him',
        'Bag since bad enter.',
        67.60,
        98,
        '2021-06-16 16:30:45',
        '2021-07-06 02:31:53'
    ),
        
    (
        696,
        'Nor Whole Carry',
        5,
        'nor-whole-carry',
        'Suggest bank western former particularly. Recently computer chance themselves most hotel blue.',
        67.50,
        80,
        '2021-11-08 16:59:01',
        '2021-11-15 07:01:42'
    ),
        
    (
        697,
        'Hit Party Successful High',
        7,
        'hit-party-successful-high',
        'Buy because eight almost free article score. Stage black occur prepare weight nor believe.',
        11.70,
        78,
        '2021-01-25 09:16:44',
        '2021-01-31 03:20:19'
    ),
        
    (
        698,
        'Reveal Study',
        8,
        'reveal-study',
        'Large visit soon teacher office that detail. Number boy music.',
        60.14,
        52,
        '2022-07-11 18:11:26',
        '2022-07-24 22:15:39'
    ),
        
    (
        699,
        'Ahead Read Follow Film',
        10,
        'ahead-read-follow-film',
        'Would produce hotel health sense year significant crime. Class throughout yeah policy thousand war. Ever identify line rock drive mean discuss mean.',
        11.87,
        99,
        '2021-02-01 13:25:20',
        '2021-02-11 05:29:55'
    ),
        
    (
        700,
        'Agent Recent Or Sea',
        1,
        'agent-recent-or-sea',
        'Example all owner international expert.',
        15.87,
        42,
        '2019-08-16 00:34:12',
        '2019-08-26 21:35:25'
    ),
        
    (
        701,
        'Author Majority Want',
        2,
        'author-majority-want',
        'Identify country church whether different stock kid. That explain see head air end fine. Training among discover your fill.',
        85.12,
        98,
        '2020-06-23 02:07:59',
        '2020-06-27 16:08:27'
    ),
        
    (
        702,
        'Break Capital Decide Speech Six',
        7,
        'break-capital-decide-speech-six',
        'Set son good specific as next.',
        50.39,
        41,
        '2019-02-08 16:52:20',
        '2019-02-28 14:56:37'
    ),
        
    (
        703,
        'Recent Place Wall Make Conference',
        9,
        'recent-place-wall-make-conference',
        'Apply daughter bank style tax. Sense school just far stock two. Game able hope nor third. Start sell case newspaper enjoy general her.',
        77.89,
        93,
        '2023-04-10 12:18:28',
        '2023-04-20 02:19:22'
    ),
        
    (
        704,
        'Team So Big Tv It',
        3,
        'team-so-big-tv-it',
        'Bank consumer right thought wall song ask. Trial time or current course plant box.',
        3.11,
        51,
        '2023-02-16 11:15:48',
        '2023-02-24 01:18:09'
    ),
        
    (
        705,
        'Defense Somebody Amount',
        9,
        'defense-somebody-amount',
        'Environmental suddenly sister economic send.',
        25.25,
        19,
        '2023-03-21 09:10:41',
        '2023-04-04 12:15:24'
    ),
        
    (
        706,
        'Old Question Third Sea',
        2,
        'old-question-third-sea',
        'Win recently find site quality physical couple. Cup seem cultural structure job any medical.',
        23.77,
        97,
        '2023-05-05 11:32:08',
        '2023-05-11 03:33:57'
    ),
        
    (
        707,
        'Again Common',
        6,
        'again-common',
        'Tough husband serious west environment artist. Control member office while degree among. Town shoulder interesting individual.',
        32.65,
        76,
        '2023-03-23 16:07:43',
        '2023-04-09 08:11:18'
    ),
        
    (
        708,
        'Building Lead',
        10,
        'building-lead',
        'Receive image article fill age course low. Cover price food sense color leave finish.',
        41.49,
        21,
        '2019-10-30 22:48:11',
        '2019-11-05 15:48:54'
    ),
        
    (
        709,
        'Control Management Identify I Major',
        7,
        'control-management-identify-i-major',
        'Doctor economy how never student maintain billion.',
        72.91,
        69,
        '2023-01-04 21:56:30',
        '2023-01-16 18:58:41'
    ),
        
    (
        710,
        'Turn Together Beat Agency',
        8,
        'turn-together-beat-agency',
        'Remember whole development available.',
        16.80,
        88,
        '2019-03-23 21:51:29',
        '2019-03-29 00:51:39'
    ),
        
    (
        711,
        'Onto Risk Approach',
        4,
        'onto-risk-approach',
        'Field front question president.',
        87.75,
        9,
        '2020-09-11 05:06:30',
        '2020-09-18 08:06:31'
    ),
        
    (
        712,
        'Husband Hair Little Indeed Exactly',
        7,
        'husband-hair-little-indeed-exactly',
        'Since site mind where onto evidence too.',
        48.06,
        73,
        '2021-09-03 15:39:53',
        '2021-09-19 17:42:05'
    ),
        
    (
        713,
        'Chance Agency History Three',
        1,
        'chance-agency-history-three',
        'Rule role meet him impact learn whose. Her lawyer interview sure page certain sign east. Color place for again. Garden account development half.',
        91.47,
        85,
        '2020-04-13 04:53:57',
        '2020-04-28 08:58:08'
    ),
        
    (
        714,
        'Behind Of Admit',
        2,
        'behind-of-admit',
        'While attention writer shoulder card husband.',
        38.02,
        13,
        '2019-10-03 08:05:13',
        '2019-10-15 12:06:54'
    ),
        
    (
        715,
        'Every Different Mind Experience Focus',
        1,
        'every-different-mind-experience-focus',
        'Themselves fast across college time suggest.',
        35.82,
        81,
        '2019-08-07 21:43:29',
        '2019-08-09 07:45:35'
    ),
        
    (
        716,
        'Turn Character Agent Face Though',
        7,
        'turn-character-agent-face-though',
        'Wait evidence marriage another beautiful professional billion war.',
        80.55,
        45,
        '2021-03-09 12:53:36',
        '2021-03-30 06:56:32'
    ),
        
    (
        717,
        'Sure End Answer',
        9,
        'sure-end-answer',
        'Significant actually outside.',
        39.53,
        79,
        '2020-10-04 14:54:25',
        '2020-10-24 19:55:53'
    ),
        
    (
        718,
        'Necessary Third Professor Start Purpose',
        6,
        'necessary-third-professor-start-purpose',
        'Nation various possible popular campaign town organization particular. Pass view weight summer.',
        72.94,
        22,
        '2020-02-13 05:21:59',
        '2020-02-28 00:23:55'
    ),
        
    (
        719,
        'Reach Finish Art Activity',
        8,
        'reach-finish-art-activity',
        'Property compare water close message. Help case cell than quite event relationship send. Where allow late continue style exactly.',
        57.69,
        23,
        '2021-12-09 04:55:02',
        '2021-12-15 11:57:49'
    ),
        
    (
        720,
        'Time Something Guess Interesting',
        7,
        'time-something-guess-interesting',
        'Figure company market east friend start.',
        93.81,
        31,
        '2023-02-06 14:06:07',
        '2023-02-06 20:09:20'
    ),
        
    (
        721,
        'Apply Walk Coach Reveal Well',
        3,
        'apply-walk-coach-reveal-well',
        'Goal carry moment him.',
        45.76,
        37,
        '2019-05-31 16:05:30',
        '2019-06-20 05:09:55'
    ),
        
    (
        722,
        'Behind Plant Local',
        9,
        'behind-plant-local',
        'Should even wrong pressure.',
        23.28,
        32,
        '2022-05-07 00:00:38',
        '2022-05-20 18:02:26'
    ),
        
    (
        723,
        'Son Six',
        3,
        'son-six',
        'Occur instead after away process claim of. Buy and chair notice set. Difference positive improve mouth never should.',
        94.37,
        19,
        '2021-04-04 22:56:00',
        '2021-04-07 14:00:27'
    ),
        
    (
        724,
        'Effort Leg',
        10,
        'effort-leg',
        'Fact art other modern story full.',
        19.56,
        73,
        '2021-06-17 21:09:47',
        '2021-06-19 09:09:49'
    ),
        
    (
        725,
        'Civil Religious Former Born Wear',
        9,
        'civil-religious-former-born-wear',
        'Human day team low experience affect. Affect deal career wall.',
        77.09,
        67,
        '2020-06-11 19:18:46',
        '2020-06-23 06:23:35'
    ),
        
    (
        726,
        'Beyond Nice',
        7,
        'beyond-nice',
        'Painting candidate threat. Program art role short. Occur good matter beyond part source design.',
        77.97,
        3,
        '2020-06-17 08:29:39',
        '2020-06-20 09:33:47'
    ),
        
    (
        727,
        'House Citizen Market',
        5,
        'house-citizen-market',
        'Again commercial trial population single nothing top. Movie my director thank run choice floor.',
        88.87,
        14,
        '2023-05-25 15:32:33',
        '2023-06-12 09:37:16'
    ),
        
    (
        728,
        'World Property New Individual',
        3,
        'world-property-new-individual',
        'Model doctor require beautiful decade skill. Week region drop week situation specific reason boy. Impact several later against.',
        51.10,
        39,
        '2022-05-26 13:37:04',
        '2022-06-15 15:41:21'
    ),
        
    (
        729,
        'Way East',
        7,
        'way-east',
        'Still investment trouble nation ask across lead. Either appear second production degree increase.',
        39.58,
        69,
        '2019-08-22 12:36:11',
        '2019-09-04 20:38:21'
    ),
        
    (
        730,
        'Everything Whether',
        10,
        'everything-whether',
        'Radio rate also anything.',
        98.44,
        30,
        '2020-12-17 20:19:27',
        '2020-12-27 18:21:42'
    ),
        
    (
        731,
        'Particular Include Eat But',
        2,
        'particular-include-eat-but',
        'Especially church be.',
        94.21,
        58,
        '2021-04-17 15:30:11',
        '2021-04-21 02:34:16'
    ),
        
    (
        732,
        'Mrs Score Very Apply',
        5,
        'mrs-score-very-apply',
        'Into free provide real. Bed truth service source class only. Beyond development give for leader.',
        44.40,
        41,
        '2020-01-22 00:20:14',
        '2020-01-26 05:21:16'
    ),
        
    (
        733,
        'Strategy Whose Argue',
        1,
        'strategy-whose-argue',
        'Project news school.',
        44.19,
        21,
        '2019-07-10 02:27:45',
        '2019-07-12 23:32:06'
    ),
        
    (
        734,
        'Be Method',
        8,
        'be-method',
        'Knowledge support result lay offer rather very.',
        31.37,
        72,
        '2022-01-02 00:47:24',
        '2022-01-15 22:48:39'
    ),
        
    (
        735,
        'Off Key Land',
        8,
        'off-key-land',
        'Conference live might phone themselves executive student. Hand again public down art include.',
        58.84,
        39,
        '2020-07-20 13:46:22',
        '2020-07-29 16:47:32'
    ),
        
    (
        736,
        'Business Few Cover Same Because',
        4,
        'business-few-cover-same-because',
        'The blue program deal natural should bed. See at low course. Human get hospital win.',
        67.50,
        73,
        '2022-12-25 15:01:25',
        '2023-01-02 08:05:12'
    ),
        
    (
        737,
        'Party Woman',
        6,
        'party-woman',
        'Reach control admit house. Every guess real city region green too.',
        40.44,
        47,
        '2022-03-22 10:39:17',
        '2022-03-27 14:39:37'
    ),
        
    (
        738,
        'Also Him Short Study',
        2,
        'also-him-short-study',
        'Professor up blue interesting happy west approach evening. What address analysis country. Congress not character. Guy director wrong after direction.',
        54.35,
        58,
        '2023-05-17 05:00:17',
        '2023-05-26 07:04:16'
    ),
        
    (
        739,
        'Message This Describe',
        2,
        'message-this-describe',
        'Ask wear dog over marriage let. It machine to TV. Pass soldier Mr control.',
        10.05,
        40,
        '2021-02-27 10:57:14',
        '2021-03-12 03:59:05'
    ),
        
    (
        740,
        'Off According Do Course',
        6,
        'off-according-do-course',
        'Front new watch other start some. Shoulder end security like. Investment read ground. Couple look program cup. Beautiful some clearly so year blue.',
        64.00,
        32,
        '2020-09-24 17:25:15',
        '2020-10-01 08:27:36'
    ),
        
    (
        741,
        'Pm Economic Between Instead',
        10,
        'pm-economic-between-instead',
        'Scientist ground responsibility some imagine activity.',
        47.50,
        59,
        '2022-08-12 07:08:34',
        '2022-08-29 05:09:11'
    ),
        
    (
        742,
        'Material Whatever',
        7,
        'material-whatever',
        'And contain herself town yes especially road.',
        5.01,
        68,
        '2020-07-28 02:16:49',
        '2020-08-08 00:21:37'
    ),
        
    (
        743,
        'Name Go Truth Protect After',
        5,
        'name-go-truth-protect-after',
        'Amount away beat peace team reflect religious. Mind including few crime traditional through on.',
        23.75,
        77,
        '2020-11-06 13:37:46',
        '2020-11-13 00:38:40'
    ),
        
    (
        744,
        'Three Born Write Marriage',
        3,
        'three-born-write-marriage',
        'Country author under once work bit understand.',
        61.40,
        3,
        '2020-03-17 10:23:37',
        '2020-03-27 07:27:34'
    ),
        
    (
        745,
        'Government Gas',
        5,
        'government-gas',
        'Top trouble body industry first role.',
        46.62,
        36,
        '2020-09-07 06:31:04',
        '2020-09-26 20:34:37'
    ),
        
    (
        746,
        'Population Push Area Point',
        9,
        'population-push-area-point',
        'Treatment however wish.',
        7.65,
        55,
        '2020-10-24 05:49:01',
        '2020-11-09 06:53:03'
    ),
        
    (
        747,
        'Which Generation Candidate',
        3,
        'which-generation-candidate',
        'Church start spring again green sell call. Century through talk. Dream another near computer travel movement surface better. Human cold necessary player population.',
        7.63,
        40,
        '2021-06-01 18:45:20',
        '2021-06-05 17:48:42'
    ),
        
    (
        748,
        'Data Public',
        10,
        'data-public',
        'Despite sound customer can dinner everything. Last song sister property.',
        20.67,
        70,
        '2019-01-30 02:49:51',
        '2019-02-01 01:54:05'
    ),
        
    (
        749,
        'Activity Join',
        4,
        'activity-join',
        'Loss same himself trial specific. Store just interest entire.',
        88.14,
        42,
        '2020-01-25 11:25:30',
        '2020-02-12 20:29:33'
    ),
        
    (
        750,
        'Husband Instead',
        4,
        'husband-instead',
        'Media others trial nearly.',
        39.68,
        40,
        '2020-04-28 03:56:59',
        '2020-05-07 01:01:08'
    ),
        
    (
        751,
        'Win Some And Team Every',
        1,
        'win-some-and-team-every',
        'Method society thank everybody second interest whom tell.',
        55.31,
        21,
        '2022-03-09 05:29:26',
        '2022-03-18 14:31:02'
    ),
        
    (
        752,
        'Produce Out Conference Message Section',
        9,
        'produce-out-conference-message-section',
        'Popular lay record since past drug fill.',
        82.16,
        77,
        '2022-01-17 22:59:49',
        '2022-01-26 02:00:20'
    ),
        
    (
        753,
        'Only Do',
        7,
        'only-do',
        'Claim gun best wait. Which buy might as blood event follow speech.',
        63.85,
        36,
        '2021-12-18 10:58:10',
        '2021-12-21 11:00:00'
    ),
        
    (
        754,
        'Road Detail Real',
        8,
        'road-detail-real',
        'Big point method first security item. At term summer watch walk argue.',
        84.85,
        69,
        '2019-05-08 01:46:51',
        '2019-05-24 13:50:00'
    ),
        
    (
        755,
        'Blue Off Teacher Show',
        1,
        'blue-off-teacher-show',
        'Bank until imagine.',
        49.40,
        8,
        '2023-02-26 08:56:16',
        '2023-03-11 15:57:43'
    ),
        
    (
        756,
        'Unit Standard Wear Perhaps',
        5,
        'unit-standard-wear-perhaps',
        'Chair power along season system owner yard. Painting need hit prepare grow. Score human artist cause kind participant.',
        23.16,
        19,
        '2021-09-05 19:15:29',
        '2021-09-24 14:17:27'
    ),
        
    (
        757,
        'Class Call',
        5,
        'class-call',
        'Do expect rich finish step better child. Season body power compare. Also physical top want early hundred enter. Quality the in minute near pay. Miss both pressure become evening two.',
        19.25,
        27,
        '2022-06-01 20:28:45',
        '2022-06-02 02:31:09'
    ),
        
    (
        758,
        'Check Network Red',
        9,
        'check-network-red',
        'Weight while especially father. Start issue sense worry prepare war actually learn.',
        63.31,
        59,
        '2019-07-10 01:58:49',
        '2019-07-12 09:01:09'
    ),
        
    (
        759,
        'Along New Pattern',
        9,
        'along-new-pattern',
        'View kid tend region ago policy poor. Case develop few get across door huge. Long amount son stand woman.',
        68.17,
        35,
        '2022-08-04 19:57:52',
        '2022-08-25 03:01:09'
    ),
        
    (
        760,
        'Radio Note',
        7,
        'radio-note',
        'Table pressure well.',
        32.60,
        9,
        '2023-04-08 01:53:29',
        '2023-04-12 10:56:28'
    ),
        
    (
        761,
        'Everything Arm Who First',
        8,
        'everything-arm-who-first',
        'Position wish professional them child indicate. Represent amount full image paper trade.',
        95.54,
        4,
        '2020-04-01 04:55:41',
        '2020-04-15 03:59:38'
    ),
        
    (
        762,
        'Body Treat Too Perhaps Agency',
        5,
        'body-treat-too-perhaps-agency',
        'Cut thought president student magazine whose development organization. Believe only head watch they middle.',
        4.94,
        82,
        '2021-11-10 18:40:41',
        '2021-11-27 13:40:45'
    ),
        
    (
        763,
        'Any Stay',
        7,
        'any-stay',
        'Human water activity focus into interesting history.',
        81.72,
        57,
        '2022-07-09 22:33:38',
        '2022-07-25 21:38:35'
    ),
        
    (
        764,
        'Site Music Yes Over',
        9,
        'site-music-yes-over',
        'Dream case eight fall but more arm authority. Form account girl special. Environmental research message mean. Memory cover well finish.',
        36.39,
        33,
        '2021-06-03 22:23:14',
        '2021-06-10 01:27:21'
    ),
        
    (
        765,
        'From Have',
        3,
        'from-have',
        'Win probably environmental pay half feel. Country light great Democrat.',
        35.27,
        81,
        '2022-03-27 16:51:06',
        '2022-04-06 11:55:40'
    ),
        
    (
        766,
        'Believe Government',
        9,
        'believe-government',
        'Standard let measure get. Who machine memory evening.',
        37.82,
        41,
        '2019-10-22 06:25:37',
        '2019-11-07 04:30:12'
    ),
        
    (
        767,
        'Already Maybe Option',
        10,
        'already-maybe-option',
        'History which strong just ten something. Bar visit probably. Develop trade management agency. Own face power face present maintain. Base few rise.',
        44.71,
        37,
        '2022-02-13 23:41:08',
        '2022-03-02 19:45:28'
    ),
        
    (
        768,
        'Lead Now Remain Stage',
        6,
        'lead-now-remain-stage',
        'Chance reach enter foreign fine voice people. Sport top wish remember our simply find. Ever white two contain whose inside religious.',
        10.40,
        22,
        '2021-09-01 01:35:55',
        '2021-09-21 01:36:56'
    ),
        
    (
        769,
        'Possible Appear Born Describe',
        7,
        'possible-appear-born-describe',
        'Road company include good charge. See up station group see radio apply ground. Ability stage kitchen really record college.',
        82.52,
        36,
        '2023-02-04 01:16:41',
        '2023-02-16 22:17:56'
    ),
        
    (
        770,
        'Fast Less Ten Serious Kid',
        4,
        'fast-less-ten-serious-kid',
        'Item respond woman I. Board decide six score upon.',
        53.79,
        8,
        '2021-08-25 01:23:48',
        '2021-09-01 00:26:37'
    ),
        
    (
        771,
        'School Stop Notice Soon',
        8,
        'school-stop-notice-soon',
        'Success option page edge. Affect state accept continue attorney board.',
        9.61,
        62,
        '2021-09-07 01:04:21',
        '2021-09-24 09:05:46'
    ),
        
    (
        772,
        'Conference Especially Once',
        1,
        'conference-especially-once',
        'Weight culture despite. Store and short or loss personal world.',
        96.98,
        96,
        '2020-09-28 05:36:44',
        '2020-10-05 16:37:57'
    ),
        
    (
        773,
        'Late Customer',
        9,
        'late-customer',
        'Either agent card reach.',
        1.94,
        52,
        '2019-04-04 06:24:55',
        '2019-04-10 22:26:52'
    ),
        
    (
        774,
        'Always Poor Democrat Brother Carry',
        8,
        'always-poor-democrat-brother-carry',
        'Draw wrong future force. Speak major radio room star. Relate debate drop different floor surface. Machine approach sit expert all impact bring. Avoid free will should citizen spring.',
        91.58,
        79,
        '2022-07-29 10:05:22',
        '2022-08-09 15:06:06'
    ),
        
    (
        775,
        'Fine Fire Garden',
        3,
        'fine-fire-garden',
        'Agreement property everybody. Director term thought financial protect population model.',
        84.70,
        63,
        '2021-12-27 09:20:27',
        '2022-01-03 21:24:42'
    ),
        
    (
        776,
        'College Without',
        2,
        'college-without',
        'Respond treatment soldier fact already need always. Big loss suffer own little exist be.',
        28.08,
        41,
        '2019-12-27 20:03:10',
        '2020-01-09 09:03:34'
    ),
        
    (
        777,
        'Fish Like',
        4,
        'fish-like',
        'Thus address its within.',
        92.94,
        60,
        '2022-02-21 04:34:55',
        '2022-02-24 12:37:34'
    ),
        
    (
        778,
        'Weight Kind Action Police',
        2,
        'weight-kind-action-police',
        'World be at. Alone would free however general enough air. Safe stand rate attention. Teach level religious full happy today. List team likely pay final find open.',
        31.53,
        72,
        '2021-03-19 10:25:15',
        '2021-04-06 07:25:47'
    ),
        
    (
        779,
        'Run That Media',
        4,
        'run-that-media',
        'Score identify model station ahead inside. People collection whether where even including less. Between factor pass hold section should heavy. Put fish example available.',
        26.06,
        99,
        '2020-05-12 21:42:00',
        '2020-05-15 23:43:48'
    ),
        
    (
        780,
        'Remember Season',
        7,
        'remember-season',
        'Include reason beat there according property assume. Head rest shake allow carry special current. Contain why on say. Trouble manager agency job.',
        5.92,
        62,
        '2020-05-20 17:35:25',
        '2020-05-20 20:39:02'
    ),
        
    (
        781,
        'End Somebody Traditional',
        6,
        'end-somebody-traditional',
        'Watch indicate recognize me participant heart thousand their. Assume glass claim try throw stop management wall. Event behind culture wide after deal teach. Politics hospital international where direction hope. Project look about size act I question save.',
        95.46,
        70,
        '2021-11-23 10:07:18',
        '2021-12-06 00:10:14'
    ),
        
    (
        782,
        'Occur Heart Early Sort Method',
        9,
        'occur-heart-early-sort-method',
        'Safe concern herself find investment. Dog these reach song national animal.',
        64.69,
        85,
        '2021-09-01 14:13:24',
        '2021-09-09 19:15:07'
    ),
        
    (
        783,
        'Piece Memory',
        10,
        'piece-memory',
        'Own part middle thus condition ball forget. Question total poor now compare seem. Couple western meet research resource PM develop region.',
        37.11,
        57,
        '2022-10-05 00:29:44',
        '2022-10-15 01:32:15'
    ),
        
    (
        784,
        'Safe Dinner This',
        10,
        'safe-dinner-this',
        'Chance together crime door. Strong lot more easy plan of scientist PM. Maybe little carry audience including father.',
        96.32,
        22,
        '2020-02-16 11:58:38',
        '2020-03-05 08:59:43'
    ),
        
    (
        785,
        'Task Soldier',
        10,
        'task-soldier',
        'Brother they where east business item old.',
        45.19,
        51,
        '2023-01-10 07:04:59',
        '2023-01-29 07:05:41'
    ),
        
    (
        786,
        'Deep Help',
        1,
        'deep-help',
        'Bank return behind throughout whole.',
        92.10,
        89,
        '2023-05-09 02:01:56',
        '2023-05-17 16:02:54'
    ),
        
    (
        787,
        'Serious Treatment',
        7,
        'serious-treatment',
        'Upon at tend doctor marriage TV. Front military million thousand.',
        52.54,
        78,
        '2019-08-13 13:39:21',
        '2019-08-24 00:43:07'
    ),
        
    (
        788,
        'Heavy Become Great Blood',
        7,
        'heavy-become-great-blood',
        'Guess cut start how. Head growth director senior whether behind. Step world safe investment rest outside.',
        78.50,
        26,
        '2019-05-01 19:56:45',
        '2019-05-16 19:00:24'
    ),
        
    (
        789,
        'Bring Police Our Produce Relate',
        1,
        'bring-police-our-produce-relate',
        'Join fish system house television. Campaign push entire history television.',
        30.01,
        33,
        '2021-11-07 05:26:33',
        '2021-11-12 13:28:16'
    ),
        
    (
        790,
        'Compare Pay Chance Music',
        3,
        'compare-pay-chance-music',
        'Environment officer share with family fact.',
        62.97,
        8,
        '2022-08-06 19:00:04',
        '2022-08-21 18:01:33'
    ),
        
    (
        791,
        'General Born Employee Later Stock',
        4,
        'general-born-employee-later-stock',
        'Chance parent ability. School executive Congress lot western.',
        68.54,
        20,
        '2020-01-23 14:40:15',
        '2020-01-25 23:43:41'
    ),
        
    (
        792,
        'Clearly Memory Which Magazine Measure',
        4,
        'clearly-memory-which-magazine-measure',
        'Against building star offer avoid.',
        84.87,
        64,
        '2019-10-05 19:48:52',
        '2019-10-17 00:49:47'
    ),
        
    (
        793,
        'Cold Church',
        3,
        'cold-church',
        'Price work art few nor bring.',
        10.58,
        26,
        '2022-11-07 09:28:39',
        '2022-11-18 04:28:41'
    ),
        
    (
        794,
        'Issue Life Happen',
        5,
        'issue-life-happen',
        'Boy community drug international. Soon him floor yard.',
        30.47,
        2,
        '2019-12-24 15:16:33',
        '2019-12-29 10:21:03'
    ),
        
    (
        795,
        'Building Machine Almost Environment Run',
        5,
        'building-machine-almost-environment-run',
        'Television left increase answer seem position.',
        3.67,
        44,
        '2019-10-12 17:49:47',
        '2019-10-18 05:53:21'
    ),
        
    (
        796,
        'Live Low',
        3,
        'live-low',
        'Training those structure approach into should crime run. Offer other just occur staff budget. Race arrive whether country. Much reduce into remember represent artist.',
        65.67,
        75,
        '2022-07-11 00:09:32',
        '2022-07-30 07:12:05'
    ),
        
    (
        797,
        'Box Region Huge',
        6,
        'box-region-huge',
        'Interest together bill film hear. Interesting education themselves middle key series region finish.',
        68.88,
        85,
        '2019-04-04 20:49:09',
        '2019-04-05 11:49:49'
    ),
        
    (
        798,
        'Crime Everything Protect Ever Crime',
        3,
        'crime-everything-protect-ever-crime',
        'Budget inside provide. Treat choice offer subject. Tell beat bad meeting foreign either page different. Lawyer civil fill outside church. Store recently hair site college do.',
        35.46,
        43,
        '2023-02-17 08:30:20',
        '2023-03-09 21:34:32'
    ),
        
    (
        799,
        'No Admit Else Step',
        9,
        'no-admit-else-step',
        'Church song hot half theory vote nice. Base magazine long way. Visit or by. Son field western suddenly coach popular.',
        1.37,
        89,
        '2022-12-17 01:54:34',
        '2022-12-17 13:55:40'
    ),
        
    (
        800,
        'Unit Develop',
        8,
        'unit-develop',
        'Door thing account argue. Seven fact political. First maintain treatment message end pass. Behavior partner open.',
        26.38,
        47,
        '2020-06-29 04:12:31',
        '2020-07-05 10:13:53'
    ),
        
    (
        801,
        'Mind Figure Ball Understand',
        2,
        'mind-figure-ball-understand',
        'Reality night rule company.',
        35.32,
        14,
        '2020-07-02 19:08:07',
        '2020-07-21 12:09:41'
    ),
        
    (
        802,
        'Natural Between Well Central',
        4,
        'natural-between-well-central',
        'Six return sound small main quickly. Bank name city bit sit avoid. Particularly however human show late. Apply toward admit situation sing left many woman.',
        23.67,
        33,
        '2021-08-22 09:29:27',
        '2021-08-29 18:34:01'
    ),
        
    (
        803,
        'Fall Same Admit',
        9,
        'fall-same-admit',
        'Language woman sell region.',
        60.42,
        87,
        '2019-03-20 04:47:39',
        '2019-03-28 21:49:29'
    ),
        
    (
        804,
        'Necessary Whether This',
        4,
        'necessary-whether-this',
        'Of point trade near. Court get vote box peace century full. Fund away carry model. Training radio consumer wonder glass.',
        73.98,
        87,
        '2023-01-11 05:02:22',
        '2023-01-28 10:06:13'
    ),
        
    (
        805,
        'Great Fine Federal Pm Fine',
        8,
        'great-fine-federal-pm-fine',
        'Matter public letter himself. Start state outside boy mission.',
        75.42,
        80,
        '2022-06-13 08:14:24',
        '2022-06-26 09:15:52'
    ),
        
    (
        806,
        'Statement Politics Able Front Find',
        1,
        'statement-politics-able-front-find',
        'American feel fall these read throw page.',
        90.09,
        74,
        '2021-07-31 13:41:41',
        '2021-08-10 03:44:35'
    ),
        
    (
        807,
        'Individual Worry',
        9,
        'individual-worry',
        'Research personal attorney opportunity lead level bar. Attorney reduce reveal bit. Very thousand theory war.',
        14.60,
        1,
        '2022-12-16 16:59:22',
        '2023-01-03 19:02:08'
    ),
        
    (
        808,
        'When List',
        1,
        'when-list',
        'Large soon cell human. Charge item car expect discussion.',
        58.00,
        71,
        '2022-09-14 13:18:26',
        '2022-10-03 03:21:43'
    ),
        
    (
        809,
        'Take Address Opportunity Soldier Expert',
        8,
        'take-address-opportunity-soldier-expert',
        'Agree eat knowledge picture check audience other. Response spring population represent per others learn. Forget ahead cup mission head. Entire authority key catch trouble.',
        11.80,
        57,
        '2022-06-19 20:44:05',
        '2022-06-20 16:47:13'
    ),
        
    (
        810,
        'Support Pressure First',
        1,
        'support-pressure-first',
        'Use occur public treat behavior development. Just see ever adult reality artist. Focus if song action. Ahead perhaps claim walk material level.',
        92.82,
        43,
        '2020-10-01 13:08:29',
        '2020-10-11 06:11:53'
    ),
        
    (
        811,
        'Worker Tough Teach',
        9,
        'worker-tough-teach',
        'Middle opportunity read best. Blood require scene hair successful use memory.',
        25.53,
        40,
        '2022-05-01 17:25:11',
        '2022-05-03 16:26:30'
    ),
        
    (
        812,
        'Cut Discuss Across Rest',
        6,
        'cut-discuss-across-rest',
        'Ground without protect most.',
        76.13,
        90,
        '2023-01-01 09:15:05',
        '2023-01-20 12:16:10'
    ),
        
    (
        813,
        'Respond If Political Build',
        7,
        'respond-if-political-build',
        'Possible house network partner key American writer country.',
        50.89,
        49,
        '2019-04-02 12:41:08',
        '2019-04-18 20:43:29'
    ),
        
    (
        814,
        'Group Sort Kid Computer',
        2,
        'group-sort-kid-computer',
        'Push recognize save activity plant since. Stay place say list easy suggest. Activity anyone individual Republican various section wear.',
        27.72,
        82,
        '2022-10-05 17:35:15',
        '2022-10-08 02:35:41'
    ),
        
    (
        815,
        'Buy His',
        7,
        'buy-his',
        'Study or investment analysis page result both perhaps. Force pull popular her report majority.',
        4.21,
        84,
        '2019-03-04 22:19:57',
        '2019-03-08 22:22:03'
    ),
        
    (
        816,
        'Mean Class Consider',
        9,
        'mean-class-consider',
        'Bill although to line sport.',
        41.65,
        19,
        '2021-01-18 22:42:08',
        '2021-01-27 15:42:41'
    ),
        
    (
        817,
        'Vote Down Responsibility Part',
        3,
        'vote-down-responsibility-part',
        'Charge course project size international. Music artist sport simple hold. Unit article friend among.',
        39.90,
        1,
        '2019-03-05 15:29:24',
        '2019-03-14 08:32:54'
    ),
        
    (
        818,
        'Feeling Firm',
        2,
        'feeling-firm',
        'Boy have set structure husband leader make.',
        43.61,
        28,
        '2023-01-02 13:47:54',
        '2023-01-05 05:50:14'
    ),
        
    (
        819,
        'Herself Apply',
        5,
        'herself-apply',
        'Example word reach option table huge.',
        42.51,
        3,
        '2021-08-31 13:25:33',
        '2021-09-05 13:27:53'
    ),
        
    (
        820,
        'Another Include Arrive Bag',
        7,
        'another-include-arrive-bag',
        'Perform computer physical method professional money local. A change wall anything cover. Inside morning street international.',
        29.87,
        31,
        '2021-01-27 19:51:24',
        '2021-01-27 22:51:34'
    ),
        
    (
        821,
        'Base Finally',
        1,
        'base-finally',
        'Key within push manager important because effort house.',
        82.41,
        31,
        '2021-10-17 20:17:50',
        '2021-10-29 22:19:11'
    ),
        
    (
        822,
        'Left Allow Explain Establish These',
        5,
        'left-allow-explain-establish-these',
        'Foot positive tree box.',
        82.72,
        4,
        '2019-05-19 17:16:44',
        '2019-05-23 09:21:23'
    ),
        
    (
        823,
        'Represent Behind Power Piece',
        1,
        'represent-behind-power-piece',
        'We positive eight message. Myself effect per anything.',
        22.61,
        52,
        '2021-04-22 14:28:54',
        '2021-05-07 06:30:39'
    ),
        
    (
        824,
        'Police Style',
        2,
        'police-style',
        'Year mind movie much section. Occur central order her four share hotel. Phone until company hospital early most own. Within Republican trial put discussion maintain. Act behavior data discussion find.',
        58.98,
        57,
        '2022-09-01 15:36:59',
        '2022-09-11 13:41:16'
    ),
        
    (
        825,
        'Body Town Federal Through Situation',
        9,
        'body-town-federal-through-situation',
        'Son level trip.',
        28.90,
        36,
        '2021-04-03 07:59:26',
        '2021-04-11 14:00:29'
    ),
        
    (
        826,
        'Free Recent',
        2,
        'free-recent',
        'Find gun something gun decision election.',
        66.60,
        3,
        '2021-05-08 06:46:47',
        '2021-05-22 23:46:53'
    ),
        
    (
        827,
        'Tend Same',
        6,
        'tend-same',
        'In entire back.',
        77.41,
        77,
        '2021-01-11 02:53:05',
        '2021-01-16 19:56:45'
    ),
        
    (
        828,
        'Its Side Trial Until',
        10,
        'its-side-trial-until',
        'Thought should from begin.',
        37.53,
        17,
        '2021-03-12 14:28:34',
        '2021-03-19 04:32:27'
    ),
        
    (
        829,
        'Research Although',
        10,
        'research-although',
        'Open point might response difference. Scientist where three trouble operation. Get law address thank instead road. Property career wrong position popular heavy understand.',
        18.81,
        70,
        '2022-10-29 22:21:39',
        '2022-11-17 18:25:32'
    ),
        
    (
        830,
        'Respond Indeed',
        9,
        'respond-indeed',
        'Money eight public southern site activity common.',
        53.91,
        76,
        '2021-09-08 09:57:29',
        '2021-09-22 05:01:32'
    ),
        
    (
        831,
        'Seek Street Should',
        8,
        'seek-street-should',
        'Radio foot open price quickly that.',
        57.42,
        45,
        '2020-03-19 02:00:17',
        '2020-03-25 10:02:16'
    ),
        
    (
        832,
        'Again Score Interview Affect Land',
        6,
        'again-score-interview-affect-land',
        'Fire line suddenly three can per baby. Loss increase name here. Around we power can.',
        39.26,
        15,
        '2020-10-22 08:17:49',
        '2020-11-07 10:18:09'
    ),
        
    (
        833,
        'But Bar We Deep Idea',
        1,
        'but-bar-we-deep-idea',
        'Writer sit receive watch fire career. Long even turn return treatment us necessary product.',
        70.76,
        79,
        '2019-03-25 09:52:19',
        '2019-03-29 16:52:52'
    ),
        
    (
        834,
        'Guess Soon Box',
        8,
        'guess-soon-box',
        'Trip can decide catch easy.',
        22.69,
        61,
        '2023-03-31 23:10:28',
        '2023-04-13 06:11:39'
    ),
        
    (
        835,
        'Price Or Summer',
        5,
        'price-or-summer',
        'No fast entire project. Indicate police walk collection true. Fish far just care woman claim that.',
        73.36,
        19,
        '2019-07-11 03:28:08',
        '2019-07-24 08:32:40'
    ),
        
    (
        836,
        'Environment Wish Image',
        9,
        'environment-wish-image',
        'Interview several field high she national.',
        80.60,
        24,
        '2021-05-07 17:12:25',
        '2021-05-11 02:15:33'
    ),
        
    (
        837,
        'South Effect Board',
        5,
        'south-effect-board',
        'Understand society tell behavior. Meeting seven poor type.',
        64.85,
        61,
        '2019-01-29 08:13:08',
        '2019-02-07 18:17:03'
    ),
        
    (
        838,
        'Per Reality Work Second Money',
        5,
        'per-reality-work-second-money',
        'Share side nice practice everything attack sing.',
        54.25,
        9,
        '2021-11-11 06:34:45',
        '2021-11-19 17:39:38'
    ),
        
    (
        839,
        'Three Individual Guy Wall Exist',
        1,
        'three-individual-guy-wall-exist',
        'Fall money explain could sound sport charge that. Property stand teach speak country where or. Look plan life debate only goal. Able Mr truth how side show.',
        80.78,
        24,
        '2020-05-15 07:26:04',
        '2020-05-16 01:28:00'
    ),
        
    (
        840,
        'Pull Evidence Sort',
        3,
        'pull-evidence-sort',
        'Owner region others myself growth agency near Democrat. Exactly education thought score blue program staff at.',
        63.37,
        36,
        '2023-04-02 23:08:50',
        '2023-04-17 06:11:31'
    ),
        
    (
        841,
        'Push As',
        6,
        'push-as',
        'System represent soldier each.',
        96.62,
        38,
        '2020-07-06 01:10:18',
        '2020-07-15 16:13:30'
    ),
        
    (
        842,
        'Box Former Fall Policy Husband',
        2,
        'box-former-fall-policy-husband',
        'Performance majority actually feel evidence me.',
        83.15,
        2,
        '2022-11-05 03:42:24',
        '2022-11-16 04:45:12'
    ),
        
    (
        843,
        'National That Example Little',
        5,
        'national-that-example-little',
        'His benefit manager western.',
        19.84,
        81,
        '2021-02-02 03:52:07',
        '2021-02-03 22:53:41'
    ),
        
    (
        844,
        'Agree Reveal Audience Process',
        7,
        'agree-reveal-audience-process',
        'City federal cut kid citizen quality view truth. Thousand rich capital huge piece. Trade recognize compare ahead high final attorney.',
        40.95,
        1,
        '2019-03-26 06:51:54',
        '2019-04-08 19:54:10'
    ),
        
    (
        845,
        'Far Prevent Ground Voice',
        10,
        'far-prevent-ground-voice',
        'Somebody significant industry page resource quickly. At for point everything million organization.',
        53.73,
        61,
        '2020-12-03 02:30:28',
        '2020-12-03 10:32:48'
    ),
        
    (
        846,
        'Above Join Quite Hotel',
        7,
        'above-join-quite-hotel',
        'Suffer difficult east reality seem personal best.',
        99.16,
        3,
        '2019-01-13 16:47:50',
        '2019-01-28 16:47:51'
    ),
        
    (
        847,
        'Include Little Game Piece Phone',
        4,
        'include-little-game-piece-phone',
        'Water him bring food show career start. Analysis accept other party through difference.',
        49.13,
        66,
        '2023-03-23 10:55:43',
        '2023-03-25 05:58:37'
    ),
        
    (
        848,
        'Personal Benefit Never Yet',
        7,
        'personal-benefit-never-yet',
        'Officer benefit action rise edge admit professional. Safe once beautiful leave total. Happen information city develop early lead.',
        61.25,
        39,
        '2022-07-23 22:28:42',
        '2022-08-04 18:31:27'
    ),
        
    (
        849,
        'Policy Yeah',
        3,
        'policy-yeah',
        'Well it writer notice result important. Economic crime get begin. Some your pretty hope better after pass.',
        32.60,
        22,
        '2020-05-26 04:36:43',
        '2020-06-01 22:36:44'
    ),
        
    (
        850,
        'Realize Million Fast',
        5,
        'realize-million-fast',
        'Page few stop democratic shake agency trial. Bar mention gas from.',
        73.17,
        38,
        '2021-11-11 15:10:04',
        '2021-11-15 00:13:42'
    ),
        
    (
        851,
        'Attack Follow Will Father Position',
        8,
        'attack-follow-will-father-position',
        'Enter respond pay organization Republican.',
        95.32,
        70,
        '2022-01-16 03:20:30',
        '2022-01-18 03:20:38'
    ),
        
    (
        852,
        'Trade Sell Office',
        3,
        'trade-sell-office',
        'Fast option on which even media central. Sit accept authority data life. Mother investment peace ask article walk professor.',
        72.90,
        59,
        '2019-12-22 15:19:35',
        '2020-01-06 10:23:16'
    ),
        
    (
        853,
        'Left Such Likely Nature',
        4,
        'left-such-likely-nature',
        'Church your the old. Certain couple business significant source.',
        57.14,
        89,
        '2021-06-24 13:10:43',
        '2021-07-02 11:14:18'
    ),
        
    (
        854,
        'Some Area',
        10,
        'some-area',
        'Camera while full clear. Go range rock then fall. Get science owner yeah.',
        97.62,
        99,
        '2022-08-03 20:29:33',
        '2022-08-05 04:33:18'
    ),
        
    (
        855,
        'Short Fear Hold',
        8,
        'short-fear-hold',
        'Once born experience surface include film book. Voice pretty require wife.',
        9.33,
        65,
        '2021-06-05 18:34:04',
        '2021-06-09 21:38:16'
    ),
        
    (
        856,
        'Parent Education Single Couple Appear',
        3,
        'parent-education-single-couple-appear',
        'Present until worker able magazine nor put.',
        59.22,
        43,
        '2022-05-02 19:33:58',
        '2022-05-17 11:34:30'
    ),
        
    (
        857,
        'Light Vote',
        2,
        'light-vote',
        'Official specific also end individual represent. Animal likely address every case professional service. Father always reach protect ok. Into ten face training machine.',
        49.60,
        96,
        '2019-07-28 17:14:01',
        '2019-08-11 21:16:32'
    ),
        
    (
        858,
        'Stop Another Treat Walk',
        1,
        'stop-another-treat-walk',
        'Hope laugh piece face leader your medical.',
        77.06,
        45,
        '2019-11-01 00:14:23',
        '2019-11-16 09:15:06'
    ),
        
    (
        859,
        'Identify Sound Throughout Begin Evening',
        6,
        'identify-sound-throughout-begin-evening',
        'Artist born also line policy once. Interesting structure cell family company general hit. Worker task maintain key certainly.',
        5.33,
        46,
        '2022-06-23 16:31:17',
        '2022-07-06 23:33:01'
    ),
        
    (
        860,
        'Huge Enter Parent Improve Figure',
        10,
        'huge-enter-parent-improve-figure',
        'Scientist require cultural hospital teach but out. Relate deal measure hit well.',
        57.77,
        3,
        '2020-01-02 08:55:18',
        '2020-01-09 16:59:46'
    ),
        
    (
        861,
        'Central Watch Quite Value Consumer',
        2,
        'central-watch-quite-value-consumer',
        'Even great clearly tend.',
        1.42,
        3,
        '2019-02-07 07:17:41',
        '2019-02-25 04:21:41'
    ),
        
    (
        862,
        'Clear Himself Smile',
        5,
        'clear-himself-smile',
        'Floor country cut part commercial less often. News activity approach government mention loss.',
        15.07,
        86,
        '2020-02-10 02:18:28',
        '2020-02-11 18:20:47'
    ),
        
    (
        863,
        'Recognize Reflect Probably Question',
        1,
        'recognize-reflect-probably-question',
        'Tough save see respond determine.',
        59.43,
        86,
        '2019-02-23 21:43:00',
        '2019-03-10 06:45:28'
    ),
        
    (
        864,
        'Hour Task',
        2,
        'hour-task',
        'Son anyone last.',
        6.15,
        17,
        '2020-09-11 07:18:47',
        '2020-09-21 07:19:41'
    ),
        
    (
        865,
        'Quite Interest',
        8,
        'quite-interest',
        'Them market money necessary write agree agree. Where computer away kitchen.',
        46.63,
        6,
        '2022-12-08 06:43:44',
        '2022-12-17 15:43:53'
    ),
        
    (
        866,
        'Those Generation Necessary',
        2,
        'those-generation-necessary',
        'Century guess level become.',
        95.77,
        73,
        '2021-10-04 13:41:23',
        '2021-10-14 05:44:28'
    ),
        
    (
        867,
        'Late Again Staff Upon These',
        3,
        'late-again-staff-upon-these',
        'People now should create out ask. Your visit cup.',
        38.52,
        8,
        '2021-08-17 19:39:16',
        '2021-08-23 05:41:58'
    ),
        
    (
        868,
        'Camera Her Woman Mrs Experience',
        3,
        'camera-her-woman-mrs-experience',
        'Decade son company where yes.',
        71.81,
        23,
        '2022-08-16 00:40:14',
        '2022-08-20 15:45:14'
    ),
        
    (
        869,
        'Rule Perhaps Central Person Draw',
        9,
        'rule-perhaps-central-person-draw',
        'Manager bad must. Deal radio else series whom budget. Student project might nation just others shoulder.',
        80.25,
        59,
        '2019-10-16 04:19:41',
        '2019-10-17 08:21:39'
    ),
        
    (
        870,
        'Society Start',
        2,
        'society-start',
        'Main right audience across nearly reality. Single million central wait. Around strategy chance surface. Race organization agreement several.',
        94.27,
        90,
        '2021-09-14 18:19:25',
        '2021-09-27 14:23:32'
    ),
        
    (
        871,
        'Including Hour Goal Purpose Project',
        4,
        'including-hour-goal-purpose-project',
        'High edge front run.',
        6.33,
        39,
        '2021-05-06 09:35:43',
        '2021-05-18 04:40:32'
    ),
        
    (
        872,
        'Detail Bar Allow People',
        9,
        'detail-bar-allow-people',
        'Successful may grow write young cold.',
        1.94,
        20,
        '2019-04-14 00:43:05',
        '2019-05-03 17:46:52'
    ),
        
    (
        873,
        'Focus War Particularly',
        10,
        'focus-war-particularly',
        'Economy best garden drive mission black actually.',
        68.92,
        4,
        '2020-08-05 15:50:14',
        '2020-08-13 19:54:48'
    ),
        
    (
        874,
        'Subject Executive Manager Us',
        7,
        'subject-executive-manager-us',
        'Mean myself indicate cultural hundred. Another here five south majority employee.',
        17.13,
        4,
        '2023-01-19 07:52:05',
        '2023-01-29 02:52:10'
    ),
        
    (
        875,
        'Dream News Another',
        6,
        'dream-news-another',
        'Fight writer parent process travel. Understand section building seek black.',
        35.21,
        94,
        '2021-07-26 01:08:08',
        '2021-08-03 16:11:50'
    ),
        
    (
        876,
        'Visit Spring Art Simple',
        6,
        'visit-spring-art-simple',
        'And fast need evening other material. Answer entire side music attack stand.',
        19.18,
        46,
        '2023-04-25 04:44:20',
        '2023-05-06 20:46:27'
    ),
        
    (
        877,
        'Six Easy',
        2,
        'six-easy',
        'Increase clear beautiful former. Could size answer marriage whole. Enough society term write building truth.',
        45.97,
        12,
        '2022-11-22 16:19:25',
        '2022-12-09 19:22:43'
    ),
        
    (
        878,
        'Speech Early Occur',
        3,
        'speech-early-occur',
        'Beat degree long step range policy without. Person away expect spring similar remain court. Possible writer program argue likely foot. Minute trip as rock.',
        30.30,
        18,
        '2023-05-01 18:15:46',
        '2023-05-12 20:17:41'
    ),
        
    (
        879,
        'Seven Mean',
        8,
        'seven-mean',
        'Seven majority when hope magazine.',
        67.80,
        32,
        '2022-01-10 16:38:50',
        '2022-01-30 10:39:44'
    ),
        
    (
        880,
        'First Fact Among Body',
        2,
        'first-fact-among-body',
        'Better the space central bank large forget.',
        90.39,
        2,
        '2021-12-18 19:40:18',
        '2021-12-31 12:41:50'
    ),
        
    (
        881,
        'Production Adult Sound As Style',
        9,
        'production-adult-sound-as-style',
        'Choice back guess mission. Area site analysis.',
        30.68,
        98,
        '2020-05-21 19:31:23',
        '2020-05-22 01:35:51'
    ),
        
    (
        882,
        'Skin Prevent Air',
        2,
        'skin-prevent-air',
        'Special purpose purpose decide.',
        48.96,
        8,
        '2023-04-11 12:45:33',
        '2023-05-01 02:49:00'
    ),
        
    (
        883,
        'Help Throughout',
        8,
        'help-throughout',
        'Measure no our city nation. Game five treat use follow ok. Mean carry service recent somebody heavy.',
        9.09,
        49,
        '2019-06-07 01:09:44',
        '2019-06-17 13:13:00'
    ),
        
    (
        884,
        'Finally Window',
        5,
        'finally-window',
        'Key market I yes. Minute somebody important top yard. Page system although relate describe morning this. Great decision may three agency so today.',
        66.67,
        9,
        '2023-01-03 04:46:12',
        '2023-01-07 08:48:05'
    ),
        
    (
        885,
        'Benefit Choose',
        10,
        'benefit-choose',
        'Consider represent often heavy until.',
        29.94,
        63,
        '2019-09-13 18:03:49',
        '2019-10-01 18:07:19'
    ),
        
    (
        886,
        'Or Particular Beat Describe Forward',
        5,
        'or-particular-beat-describe-forward',
        'Drop yourself question again draw measure under. Course turn economy until. Stock line maybe poor or child.',
        62.26,
        12,
        '2019-02-27 17:31:36',
        '2019-03-01 13:33:44'
    ),
        
    (
        887,
        'I Think',
        5,
        'i-think',
        'Team own prepare fine partner. Team pretty nature rich yet have.',
        56.09,
        64,
        '2023-02-11 11:22:48',
        '2023-02-16 20:24:02'
    ),
        
    (
        888,
        'Cold Bed Alone Career Form',
        5,
        'cold-bed-alone-career-form',
        'Seven or skill its or performance arm movement. Opportunity source benefit hundred area behavior. Factor later its list deal charge.',
        16.83,
        57,
        '2020-03-02 22:28:13',
        '2020-03-09 16:29:03'
    ),
        
    (
        889,
        'Production Company',
        1,
        'production-company',
        'Forget body attorney dinner fish. Ago accept ask sister last Republican college break.',
        41.40,
        93,
        '2020-11-06 06:27:48',
        '2020-11-07 13:28:20'
    ),
        
    (
        890,
        'During Behavior',
        5,
        'during-behavior',
        'Into reality garden reality.',
        63.60,
        24,
        '2021-01-18 13:05:06',
        '2021-01-30 00:05:39'
    ),
        
    (
        891,
        'Play Well Spend Way Without',
        6,
        'play-well-spend-way-without',
        'System in toward traditional every painting front. Professor item do future forget maintain adult door.',
        79.44,
        4,
        '2019-09-01 17:50:08',
        '2019-09-18 03:51:34'
    ),
        
    (
        892,
        'Course Daughter Good',
        2,
        'course-daughter-good',
        'Stay fight form project across really land.',
        62.43,
        83,
        '2023-03-30 16:14:45',
        '2023-04-04 06:19:33'
    ),
        
    (
        893,
        'Former Worry Growth Charge',
        8,
        'former-worry-growth-charge',
        'Also door involve need against thousand. Investment happen often interest specific different.',
        19.63,
        8,
        '2022-09-30 03:04:52',
        '2022-10-04 17:07:01'
    ),
        
    (
        894,
        'Risk Story Partner',
        9,
        'risk-story-partner',
        'Measure fact coach language account. Machine red expert personal wind side.',
        25.30,
        78,
        '2022-01-22 08:50:15',
        '2022-02-01 08:55:06'
    ),
        
    (
        895,
        'You And Include',
        4,
        'you-and-include',
        'Already particularly and capital. Marriage I street class future. Build color sound industry bill watch political.',
        26.35,
        81,
        '2022-08-17 04:28:31',
        '2022-08-24 05:33:30'
    ),
        
    (
        896,
        'Line Question Page Member',
        9,
        'line-question-page-member',
        'Discussion cup book toward understand.',
        54.86,
        13,
        '2019-08-16 17:36:49',
        '2019-08-29 14:40:33'
    ),
        
    (
        897,
        'Professional Budget',
        3,
        'professional-budget',
        'Trip to defense. Interesting place wife of.',
        41.52,
        90,
        '2020-09-21 03:00:17',
        '2020-10-10 13:05:05'
    ),
        
    (
        898,
        'Push Never Three Nation',
        2,
        'push-never-three-nation',
        'Test media other policy deal style high. Skin always decision board argue television their.',
        45.98,
        98,
        '2021-07-15 00:06:10',
        '2021-08-04 01:10:24'
    ),
        
    (
        899,
        'Set Future It Discover Enough',
        10,
        'set-future-it-discover-enough',
        'Base eat price phone rate. Spend ask detail full watch. Source whatever century its remember create all. Behind home voice occur agreement common.',
        37.39,
        6,
        '2020-03-14 12:11:38',
        '2020-04-03 11:14:52'
    ),
        
    (
        900,
        'Sister Image Matter Brother Decade',
        7,
        'sister-image-matter-brother-decade',
        'Travel business test rule.',
        68.06,
        57,
        '2023-01-21 08:54:18',
        '2023-02-06 19:58:06'
    ),
        
    (
        901,
        'Similar Decade Article Any',
        2,
        'similar-decade-article-any',
        'Fire life work receive character senior.',
        6.26,
        3,
        '2020-12-13 21:32:50',
        '2020-12-16 22:35:37'
    ),
        
    (
        902,
        'Maintain Assume Magazine After',
        7,
        'maintain-assume-magazine-after',
        'Investment toward positive manage board.',
        39.80,
        97,
        '2020-07-16 14:32:38',
        '2020-07-16 19:37:08'
    ),
        
    (
        903,
        'Degree Mrs Energy Opportunity Member',
        2,
        'degree-mrs-energy-opportunity-member',
        'Include result debate accept. Personal heart stay coach company.',
        92.79,
        21,
        '2023-01-01 20:50:12',
        '2023-01-19 18:54:11'
    ),
        
    (
        904,
        'Wonder Indeed Should',
        6,
        'wonder-indeed-should',
        'Kid manager impact water natural clear just. Most speak write that. Person base number.',
        10.22,
        87,
        '2023-03-30 21:15:00',
        '2023-04-08 15:15:10'
    ),
        
    (
        905,
        'Ready Ok',
        9,
        'ready-ok',
        'Four magazine before economy. Quality college role animal use system worry spring. Effect lot reason get. Guess represent rather history.',
        43.25,
        28,
        '2020-07-21 16:24:07',
        '2020-07-30 17:26:23'
    ),
        
    (
        906,
        'Could Her Wife',
        1,
        'could-her-wife',
        'Republican structure letter. Similar local reach effect instead do her.',
        25.23,
        32,
        '2021-01-16 08:35:05',
        '2021-02-01 02:38:51'
    ),
        
    (
        907,
        'Phone Staff Audience Ok Quickly',
        4,
        'phone-staff-audience-ok-quickly',
        'Floor market heart not develop newspaper.',
        28.50,
        69,
        '2020-01-22 04:28:47',
        '2020-02-11 17:29:37'
    ),
        
    (
        908,
        'Identify Hard Between Chair Exactly',
        3,
        'identify-hard-between-chair-exactly',
        'Week education play.',
        89.30,
        59,
        '2022-05-25 11:06:04',
        '2022-06-09 19:06:42'
    ),
        
    (
        909,
        'Choice Image',
        5,
        'choice-image',
        'Share deal responsibility but throughout message eat.',
        66.19,
        2,
        '2020-03-29 15:55:50',
        '2020-03-31 15:56:32'
    ),
        
    (
        910,
        'Moment Wife Name',
        2,
        'moment-wife-name',
        'Growth back process skill establish break improve. Energy camera goal present several also culture.',
        69.70,
        31,
        '2021-03-21 20:15:07',
        '2021-03-24 08:15:09'
    ),
        
    (
        911,
        'Career Single Majority Former',
        8,
        'career-single-majority-former',
        'View fine music price visit. State yet necessary action buy market where. Understand include vote no professor.',
        75.27,
        88,
        '2021-02-27 09:27:23',
        '2021-03-10 15:31:08'
    ),
        
    (
        912,
        'Data If',
        7,
        'data-if',
        'Still thank even.',
        23.33,
        10,
        '2022-03-14 17:51:14',
        '2022-03-21 00:53:12'
    ),
        
    (
        913,
        'Among Race Return Style Start',
        5,
        'among-race-return-style-start',
        'Want least only do. Hour commercial picture after. Should crime continue purpose gun talk. Guy bar of.',
        81.06,
        62,
        '2020-09-19 19:34:25',
        '2020-09-22 23:38:48'
    ),
        
    (
        914,
        'Light Indicate Let',
        6,
        'light-indicate-let',
        'Quality painting assume practice. Study consider local vote system. Pattern still Democrat speech simply level go west.',
        50.38,
        22,
        '2023-02-17 05:43:41',
        '2023-03-06 09:48:36'
    ),
        
    (
        915,
        'West Contain',
        10,
        'west-contain',
        'Want already daughter prepare. Woman sport the tough Mr college church. Trouble paper interview eight agree next second because.',
        60.87,
        69,
        '2021-06-10 16:46:40',
        '2021-06-29 14:46:58'
    ),
        
    (
        916,
        'Property Common Report',
        4,
        'property-common-report',
        'Over grow before decide. While wish quickly economy on responsibility bar. Happen focus carry girl couple.',
        96.88,
        16,
        '2021-06-12 03:02:05',
        '2021-07-01 14:06:33'
    ),
        
    (
        917,
        'More Hit',
        5,
        'more-hit',
        'Different reality watch behavior everyone. Political end couple many question TV. Season something enough place usually social. Man adult guess at.',
        3.62,
        45,
        '2022-12-24 23:41:14',
        '2023-01-09 11:44:06'
    ),
        
    (
        918,
        'Rest A',
        6,
        'rest-a',
        'Environment join rather several. Add beautiful knowledge bad.',
        46.10,
        6,
        '2020-11-02 09:46:16',
        '2020-11-22 14:49:28'
    ),
        
    (
        919,
        'Girl Key Agency Threat',
        5,
        'girl-key-agency-threat',
        'Will into focus modern.',
        75.97,
        20,
        '2021-07-02 09:51:20',
        '2021-07-02 18:51:29'
    ),
        
    (
        920,
        'Tv Professional Thing Safe Edge',
        9,
        'tv-professional-thing-safe-edge',
        'Myself value race cup. Life voice debate bill stage into for commercial.',
        52.90,
        98,
        '2022-02-20 01:08:50',
        '2022-03-12 17:12:30'
    ),
        
    (
        921,
        'Loss Single Painting',
        4,
        'loss-single-painting',
        'Need over figure chance. Medical enjoy bank eye as person.',
        7.56,
        68,
        '2020-07-04 03:37:31',
        '2020-07-11 16:39:49'
    ),
        
    (
        922,
        'Citizen Deal Very Read',
        2,
        'citizen-deal-very-read',
        'Take everyone fire thought past somebody woman.',
        5.71,
        75,
        '2019-05-27 20:20:12',
        '2019-06-14 10:20:34'
    ),
        
    (
        923,
        'Southern Over',
        4,
        'southern-over',
        'Inside push leader region government.',
        51.96,
        37,
        '2019-08-15 16:48:42',
        '2019-08-17 14:49:50'
    ),
        
    (
        924,
        'Also Even Win Today',
        1,
        'also-even-win-today',
        'Smile recently here hair figure everybody. Factor author phone condition economy. Structure tell own.',
        53.67,
        87,
        '2023-04-18 19:23:00',
        '2023-04-22 04:23:49'
    ),
        
    (
        925,
        'Try Someone Strategy Opportunity Current',
        1,
        'try-someone-strategy-opportunity-current',
        'Or hospital generation take.',
        62.61,
        24,
        '2022-10-22 09:53:57',
        '2022-11-01 20:55:46'
    ),
        
    (
        926,
        'Here Have Successful Nation',
        1,
        'here-have-successful-nation',
        'Church possible bill cause. Party role act instead fly job drive.',
        62.94,
        77,
        '2022-12-10 05:51:26',
        '2022-12-13 23:55:13'
    ),
        
    (
        927,
        'Window Everyone Quality Alone',
        8,
        'window-everyone-quality-alone',
        'People condition science early ago represent.',
        75.68,
        78,
        '2021-01-18 21:54:51',
        '2021-01-25 05:55:17'
    ),
        
    (
        928,
        'Already Air',
        3,
        'already-air',
        'Fast plan fall appear.',
        98.65,
        5,
        '2022-05-16 20:52:34',
        '2022-05-28 07:57:14'
    ),
        
    (
        929,
        'Evidence Figure Usually Recognize',
        2,
        'evidence-figure-usually-recognize',
        'Seven his way environment. Forward score good particularly raise camera.',
        94.56,
        63,
        '2022-03-20 08:50:04',
        '2022-04-04 12:52:20'
    ),
        
    (
        930,
        'Cover Everybody',
        10,
        'cover-everybody',
        'Deep police police sea something.',
        75.23,
        92,
        '2019-07-05 19:45:34',
        '2019-07-08 09:47:10'
    ),
        
    (
        931,
        'Artist Admit Present',
        5,
        'artist-admit-present',
        'Article Republican hair see red performance. Administration traditional discussion civil drug all world. Hot career that. Themselves question always able treat development.',
        76.29,
        58,
        '2019-03-19 23:13:54',
        '2019-03-25 22:15:55'
    ),
        
    (
        932,
        'Part Outside That',
        8,
        'part-outside-that',
        'Lose join summer at education along our a. Police perform skin treatment.',
        98.86,
        67,
        '2023-01-31 06:11:04',
        '2023-02-18 17:13:07'
    ),
        
    (
        933,
        'Brother Foot',
        3,
        'brother-foot',
        'Off close full me friend hold.',
        71.84,
        93,
        '2021-02-10 21:46:46',
        '2021-02-16 11:51:13'
    ),
        
    (
        934,
        'Ten Movement',
        1,
        'ten-movement',
        'Open work activity do.',
        2.65,
        40,
        '2020-09-20 00:03:25',
        '2020-10-05 07:04:37'
    ),
        
    (
        935,
        'White Fire Without Example Great',
        1,
        'white-fire-without-example-great',
        'Daughter material impact.',
        79.97,
        1,
        '2021-01-31 02:32:55',
        '2021-02-20 06:33:46'
    ),
        
    (
        936,
        'Role Project Hotel Dark Allow',
        7,
        'role-project-hotel-dark-allow',
        'Record audience describe time allow act. Four artist than second.',
        67.66,
        21,
        '2020-12-22 11:24:16',
        '2020-12-25 08:24:47'
    ),
        
    (
        937,
        'World Rate Responsibility',
        9,
        'world-rate-responsibility',
        'Morning top game. Someone last avoid understand still spring.',
        8.52,
        48,
        '2023-01-16 15:17:44',
        '2023-02-04 23:22:00'
    ),
        
    (
        938,
        'Raise Environmental There',
        7,
        'raise-environmental-there',
        'Travel always kind simple left your father democratic.',
        53.45,
        63,
        '2019-02-24 05:51:17',
        '2019-03-09 00:54:38'
    ),
        
    (
        939,
        'Step Thousand Water Once',
        10,
        'step-thousand-water-once',
        'Move official beautiful year argue community magazine. Prepare both value cause week.',
        74.62,
        32,
        '2020-08-20 08:56:01',
        '2020-08-26 06:57:31'
    ),
        
    (
        940,
        'Church Many Thought',
        9,
        'church-many-thought',
        'There keep should which because.',
        3.76,
        29,
        '2020-10-25 19:56:13',
        '2020-11-13 01:59:41'
    ),
        
    (
        941,
        'Cold Four',
        5,
        'cold-four',
        'Southern fly form drive even give event institution. Everybody audience lead method. Ahead process shake strong partner.',
        23.27,
        94,
        '2022-02-19 03:00:37',
        '2022-02-24 07:01:05'
    ),
        
    (
        942,
        'Man Politics',
        9,
        'man-politics',
        'Bill doctor piece class attention perhaps grow. Head along born.',
        80.50,
        48,
        '2022-08-13 12:51:43',
        '2022-08-20 20:53:32'
    ),
        
    (
        943,
        'Every Easy',
        7,
        'every-easy',
        'Practice reveal catch sound industry red. Manage day above happy. Couple whether series learn.',
        7.26,
        27,
        '2021-01-04 16:10:41',
        '2021-01-13 13:13:43'
    ),
        
    (
        944,
        'Especially Nation There Public Degree',
        6,
        'especially-nation-there-public-degree',
        'Area summer along assume. Young nation part often measure interesting.',
        74.35,
        14,
        '2021-09-12 07:50:14',
        '2021-09-30 17:50:48'
    ),
        
    (
        945,
        'Discuss Possible Know History',
        8,
        'discuss-possible-know-history',
        'And food recently food main. Response street degree key authority.',
        29.94,
        72,
        '2020-06-01 15:51:07',
        '2020-06-22 07:51:50'
    ),
        
    (
        946,
        'Down Almost',
        5,
        'down-almost',
        'Hear money life stage option improve between.',
        47.78,
        83,
        '2021-11-12 15:16:03',
        '2021-11-15 15:18:25'
    ),
        
    (
        947,
        'Force Reason Specific',
        5,
        'force-reason-specific',
        'Woman sea expect.',
        14.64,
        27,
        '2020-06-13 21:23:36',
        '2020-06-28 11:23:51'
    ),
        
    (
        948,
        'Fear Seat',
        10,
        'fear-seat',
        'Share front them theory year author give fund.',
        50.69,
        19,
        '2023-03-22 20:53:30',
        '2023-04-02 21:57:03'
    ),
        
    (
        949,
        'Lose Range',
        6,
        'lose-range',
        'Live order vote simply third audience catch.',
        26.47,
        24,
        '2022-12-05 03:06:41',
        '2022-12-19 23:07:00'
    ),
        
    (
        950,
        'Adult Democrat Go Be',
        5,
        'adult-democrat-go-be',
        'Everyone south drop suddenly pull. State tell southern per.',
        54.24,
        26,
        '2022-05-28 13:51:54',
        '2022-05-31 12:56:28'
    ),
        
    (
        951,
        'Turn Sister Window Decide Side',
        7,
        'turn-sister-window-decide-side',
        'Collection environment science seat. Condition term check tax minute.',
        16.01,
        81,
        '2023-03-14 10:58:19',
        '2023-04-02 18:59:09'
    ),
        
    (
        952,
        'Quite Some Far',
        3,
        'quite-some-far',
        'Hope manage suffer special career would. Feel large agent front. Activity drive stuff maintain get other. Grow both measure old just stock. War off skill serve teacher.',
        83.12,
        13,
        '2019-03-12 20:16:24',
        '2019-03-20 17:20:48'
    ),
        
    (
        953,
        'Use Director Wife Memory Writer',
        6,
        'use-director-wife-memory-writer',
        'Always appear live only public weight fear.',
        50.83,
        19,
        '2019-02-14 13:18:32',
        '2019-02-25 17:22:25'
    ),
        
    (
        954,
        'Another Can Another Find',
        2,
        'another-can-another-find',
        'Compare marriage scene. Region such girl article those even. Bit war home Mrs quality fast. Family similar institution far body energy.',
        24.81,
        9,
        '2020-03-20 21:02:06',
        '2020-04-09 00:02:22'
    ),
        
    (
        955,
        'Could Continue Explain Time Street',
        10,
        'could-continue-explain-time-street',
        'Small radio treat economy.',
        70.31,
        70,
        '2021-06-19 16:56:03',
        '2021-07-05 06:57:41'
    ),
        
    (
        956,
        'Above Military Method Democratic Commercial',
        9,
        'above-military-method-democratic-commercial',
        'Size exactly sure buy score happen. Animal win rate such level. Respond among dog each include. National political food trip act ask next.',
        34.59,
        48,
        '2020-11-29 07:35:43',
        '2020-12-03 03:35:54'
    ),
        
    (
        957,
        'We Be If Bill Government',
        6,
        'we-be-if-bill-government',
        'Base next position whose Democrat blue. Piece hard thought reach although produce field. Son believe left quickly herself. Before high crime tend I billion serious just. Person street future recently full Democrat agency kind.',
        93.24,
        64,
        '2022-11-12 14:49:14',
        '2022-11-25 16:53:53'
    ),
        
    (
        958,
        'Officer Heavy Yeah',
        4,
        'officer-heavy-yeah',
        'Man recently stand. See situation method themselves movie TV.',
        41.97,
        27,
        '2022-07-05 23:37:52',
        '2022-07-10 19:38:47'
    ),
        
    (
        959,
        'Tax Letter Today Outside Question',
        8,
        'tax-letter-today-outside-question',
        'Certain feeling power product.',
        13.25,
        20,
        '2020-04-19 18:41:34',
        '2020-05-07 04:46:16'
    ),
        
    (
        960,
        'Once Property Down',
        2,
        'once-property-down',
        'Customer several mission right never success produce.',
        19.26,
        28,
        '2020-01-31 02:21:11',
        '2020-02-04 09:24:53'
    ),
        
    (
        961,
        'Artist Party Cost',
        10,
        'artist-party-cost',
        'Develop city financial president. Color tell marriage instead as attack. Create morning factor place list religious. Travel more business. Kid air interview nor forward.',
        67.74,
        58,
        '2022-04-01 16:23:11',
        '2022-04-21 08:28:11'
    ),
        
    (
        962,
        'Hear Including Else Bit',
        6,
        'hear-including-else-bit',
        'Mean heart look travel. Campaign ok senior wear forward.',
        8.19,
        26,
        '2021-04-23 22:52:18',
        '2021-04-25 01:55:25'
    ),
        
    (
        963,
        'Those Computer Stage True',
        5,
        'those-computer-stage-true',
        'Population attack toward treat personal. Wind loss Democrat either scientist significant. Future effort poor class.',
        17.98,
        91,
        '2022-11-06 11:41:00',
        '2022-11-14 13:43:39'
    ),
        
    (
        964,
        'Note Book Evening',
        1,
        'note-book-evening',
        'Southern party example.',
        32.13,
        59,
        '2021-09-20 11:19:16',
        '2021-10-02 19:21:44'
    ),
        
    (
        965,
        'Road Mr',
        1,
        'road-mr',
        'Red week recognize we then water. Lose writer explain summer sure shoulder. Even eye raise center shake nothing.',
        60.43,
        57,
        '2019-03-11 13:42:06',
        '2019-03-25 09:45:40'
    ),
        
    (
        966,
        'Evening Win Yes Factor',
        9,
        'evening-win-yes-factor',
        'Now like market wonder.',
        87.05,
        1,
        '2020-04-07 03:46:27',
        '2020-04-23 04:49:04'
    ),
        
    (
        967,
        'Play We',
        10,
        'play-we',
        'Far today suddenly economy including right soon. Wind employee music nature sure structure you.',
        60.42,
        69,
        '2023-03-30 23:52:46',
        '2023-04-10 17:52:51'
    ),
        
    (
        968,
        'Season Condition Buy Garden',
        2,
        'season-condition-buy-garden',
        'Hard show structure pull good. Moment whether ten benefit it money. Happen life public recently. Matter management factor military. Bed offer early edge minute thing someone special.',
        78.27,
        46,
        '2023-03-17 16:27:37',
        '2023-03-25 06:30:28'
    ),
        
    (
        969,
        'Center Act Show',
        3,
        'center-act-show',
        'Happen office interview station.',
        51.41,
        60,
        '2019-10-11 09:26:23',
        '2019-10-16 14:26:59'
    ),
        
    (
        970,
        'Pass Local',
        6,
        'pass-local',
        'Truth might seek box prevent adult education research. Fish represent energy evidence population similar.',
        26.21,
        17,
        '2022-09-09 16:49:00',
        '2022-09-25 08:52:22'
    ),
        
    (
        971,
        'Approach Character',
        5,
        'approach-character',
        'Relate fish very affect against machine. Put there like know example.',
        22.48,
        8,
        '2019-03-27 01:13:06',
        '2019-03-28 22:13:34'
    ),
        
    (
        972,
        'Begin Support Individual Effect Sell',
        7,
        'begin-support-individual-effect-sell',
        'Himself word tax situation summer source dark. College campaign recent idea. Step here its which land manager.',
        71.33,
        57,
        '2019-03-21 18:03:34',
        '2019-03-22 12:03:47'
    ),
        
    (
        973,
        'Firm Wonder Spring Range Partner',
        4,
        'firm-wonder-spring-range-partner',
        'Upon issue deep whose executive.',
        36.95,
        63,
        '2019-09-18 19:00:26',
        '2019-09-29 18:04:24'
    ),
        
    (
        974,
        'It Black Cultural',
        1,
        'it-black-cultural',
        'Control mention early plant under. Never great onto between create third product.',
        66.96,
        51,
        '2023-02-05 15:32:12',
        '2023-02-07 18:36:50'
    ),
        
    (
        975,
        'Evening Every Approach Enjoy Happen',
        1,
        'evening-every-approach-enjoy-happen',
        'Too fine my. Yard attention sure approach. Table production by around heavy way.',
        91.50,
        26,
        '2021-02-28 07:02:10',
        '2021-03-18 20:04:25'
    ),
        
    (
        976,
        'Wish Factor Agent Admit Center',
        5,
        'wish-factor-agent-admit-center',
        'First several major cold. Kid sort tell miss force apply away window.',
        49.71,
        88,
        '2021-01-07 19:24:03',
        '2021-01-20 22:28:41'
    ),
        
    (
        977,
        'Turn Policy',
        9,
        'turn-policy',
        'Growth red candidate general three. Toward evening local wait cell.',
        94.37,
        18,
        '2020-06-22 14:39:08',
        '2020-07-06 06:41:22'
    ),
        
    (
        978,
        'Condition Find Blue',
        1,
        'condition-find-blue',
        'Provide find television available responsibility gun treatment rule.',
        10.57,
        48,
        '2020-02-16 11:09:01',
        '2020-02-29 08:12:48'
    ),
        
    (
        979,
        'Concern Present Add Theory',
        9,
        'concern-present-add-theory',
        'Shoulder happy political. Position shake organization opportunity night. Rock detail support wall personal relationship accept.',
        61.24,
        87,
        '2019-12-15 19:01:08',
        '2019-12-23 16:06:06'
    ),
        
    (
        980,
        'Eye Choice Floor Seat Cause',
        3,
        'eye-choice-floor-seat-cause',
        'Environmental wear owner. American responsibility west success. The drop he particular land.',
        17.23,
        86,
        '2019-12-11 04:49:42',
        '2019-12-15 08:49:59'
    ),
        
    (
        981,
        'Produce Street Require Rule Yet',
        2,
        'produce-street-require-rule-yet',
        'Weight but prepare whether hope again.',
        55.90,
        37,
        '2023-04-30 16:43:51',
        '2023-05-17 06:48:35'
    ),
        
    (
        982,
        'Beautiful Go Eye State Town',
        5,
        'beautiful-go-eye-state-town',
        'Fish know month focus.',
        95.71,
        32,
        '2021-11-29 03:21:22',
        '2021-11-30 08:22:03'
    ),
        
    (
        983,
        'Friend Follow Play Her Theory',
        5,
        'friend-follow-play-her-theory',
        'Add west television agent dog coach.',
        8.31,
        52,
        '2023-01-28 14:01:00',
        '2023-02-13 22:03:13'
    ),
        
    (
        984,
        'Size Another',
        6,
        'size-another',
        'Late knowledge doctor.',
        77.99,
        55,
        '2020-02-21 17:53:04',
        '2020-02-27 05:54:14'
    ),
        
    (
        985,
        'Theory History Let Sign Once',
        5,
        'theory-history-let-sign-once',
        'Sign I some score.',
        74.97,
        60,
        '2021-11-15 12:19:05',
        '2021-11-15 21:20:07'
    ),
        
    (
        986,
        'Somebody Democrat Along Discover',
        7,
        'somebody-democrat-along-discover',
        'Yard long thing drop. Whatever sell figure name protect physical some.',
        86.09,
        53,
        '2021-09-27 01:58:06',
        '2021-10-13 10:00:12'
    ),
        
    (
        987,
        'Recent Tend Over Course',
        6,
        'recent-tend-over-course',
        'Interview from arrive follow. Increase policy step herself stock.',
        5.68,
        85,
        '2021-09-09 17:57:26',
        '2021-09-26 21:58:34'
    ),
        
    (
        988,
        'Back Learn Radio Figure',
        4,
        'back-learn-radio-figure',
        'Drive news discussion least four today reality. Choice here add who camera. Act beat necessary pattern stock agency.',
        38.04,
        62,
        '2022-06-02 05:22:17',
        '2022-06-15 05:24:08'
    ),
        
    (
        989,
        'Late Seek Wrong Country Half',
        9,
        'late-seek-wrong-country-half',
        'Care thought ready such staff professional know. Sense catch special consider wait.',
        83.76,
        40,
        '2019-07-27 05:56:01',
        '2019-08-07 03:56:21'
    ),
        
    (
        990,
        'Thing Statement Give From',
        8,
        'thing-statement-give-from',
        'Music drug read lead fine enter.',
        11.72,
        64,
        '2022-06-04 08:30:00',
        '2022-06-24 03:30:42'
    ),
        
    (
        991,
        'Meeting Defense Place',
        9,
        'meeting-defense-place',
        'Main decade these degree play visit.',
        41.89,
        60,
        '2023-05-27 23:49:01',
        '2023-06-15 08:49:12'
    ),
        
    (
        992,
        'Here Involve Wrong Appear President',
        2,
        'here-involve-wrong-appear-president',
        'Occur clearly able rule. Create energy benefit voice speak. Its trial few audience threat.',
        64.36,
        3,
        '2020-01-05 08:26:50',
        '2020-01-11 17:30:19'
    ),
        
    (
        993,
        'Church Short Somebody',
        3,
        'church-short-somebody',
        'Process arm interesting spring factor sit low skin. Lead few opportunity price usually whom.',
        54.33,
        49,
        '2022-02-02 01:31:54',
        '2022-02-02 23:31:56'
    ),
        
    (
        994,
        'Sign Measure Individual',
        8,
        'sign-measure-individual',
        'Physical their news practice.',
        92.26,
        37,
        '2021-09-03 05:10:11',
        '2021-09-12 09:13:15'
    ),
        
    (
        995,
        'Money Since Tv Than Late',
        4,
        'money-since-tv-than-late',
        'Meet alone reveal speech guess service paper.',
        21.23,
        90,
        '2019-03-16 03:15:28',
        '2019-03-28 11:18:13'
    ),
        
    (
        996,
        'Ok Difficult Offer Various',
        7,
        'ok-difficult-offer-various',
        'Financial nothing instead training difficult.',
        97.87,
        55,
        '2021-01-28 22:37:50',
        '2021-02-14 09:41:38'
    ),
        
    (
        997,
        'Success Peace',
        6,
        'success-peace',
        'Season challenge great wall smile night trip.',
        33.85,
        49,
        '2020-01-18 22:21:50',
        '2020-02-02 18:24:26'
    ),
        
    (
        998,
        'Approach Commercial Certainly Key Throw',
        6,
        'approach-commercial-certainly-key-throw',
        'Force actually although trade.',
        50.92,
        82,
        '2019-09-28 20:19:21',
        '2019-09-29 08:23:54'
    ),
        
    (
        999,
        'Discuss Voice',
        9,
        'discuss-voice',
        'Son clearly fine effort. Hospital large build take quality. Campaign sister senior economic dog approach crime.',
        10.92,
        88,
        '2023-02-10 19:37:03',
        '2023-02-14 18:38:40'
    ),
        
    (
        1000,
        'No Yeah Have Final',
        1,
        'no-yeah-have-final',
        'Executive idea thought seem.',
        25.53,
        34,
        '2021-01-26 18:46:57',
        '2021-01-29 08:48:03'
    );
        
    insert into
    store_discount (
        id,
        discount,
        description
    )
    values
    
    (
        1,
        42.65,
        'Represent natural provide involve once score single. Although foot lead money.'
    ),
        
    (
        2,
        84.83,
        'Include food hair pick garden spring. Magazine first anything response.'
    ),
        
    (
        3,
        43.61,
        'Campaign skill red financial leg beyond stage.'
    ),
        
    (
        4,
        2.58,
        'Between start believe would whole.'
    ),
        
    (
        5,
        57.99,
        'Window they inside drop available very.'
    ),
        
    (
        6,
        31.86,
        'Ok none over so. Sound budget future itself analysis certainly security.'
    ),
        
    (
        7,
        58.27,
        'Feeling war security picture.'
    ),
        
    (
        8,
        29.91,
        'Sometimes strong something key method.'
    ),
        
    (
        9,
        32.85,
        'Medical relationship through whom stop drive.'
    ),
        
    (
        10,
        11.93,
        'Way doctor sure.'
    );
        
    insert into
    store_customer (
        id,
        first_name,
        last_name,
        email,
        phone_number,
        birth_date
    )
    values
    
    (
        1,
        'William',
        'Baker',
        'david93@example.org',
        '001-406-983-5750x93415',
        '2000-07-10'
    ),
        
    (
        2,
        'Matthew',
        'Bush',
        'brian87@example.org',
        '7027597293',
        '2014-06-02'
    ),
        
    (
        3,
        'Kevin',
        'Fuller',
        'bryantlindsey@example.net',
        '+1-207-611-9018x84000',
        '1997-11-20'
    ),
        
    (
        4,
        'Steven',
        'Williams',
        'kenneth82@example.org',
        '001-285-886-8531x6386',
        '1998-01-04'
    ),
        
    (
        5,
        'Justin',
        'Gutierrez',
        'warneramy@example.net',
        '632-628-7262x703',
        '2005-02-02'
    ),
        
    (
        6,
        'Brianna',
        'Simpson',
        'jeffrey30@example.net',
        '940-665-5009x52929',
        '2011-01-18'
    ),
        
    (
        7,
        'Karen',
        'Williams',
        'samuelclark@example.com',
        '981-980-6219',
        '1996-06-07'
    ),
        
    (
        8,
        'Shaun',
        'Wiggins',
        'cody86@example.net',
        '633.369.9332',
        '1998-09-24'
    ),
        
    (
        9,
        'Amanda',
        'Russell',
        'deanna64@example.org',
        '8272619607',
        '1993-05-17'
    ),
        
    (
        10,
        'Jessica',
        'Odonnell',
        'aaron13@example.com',
        '4119748551',
        '2010-10-22'
    ),
        
    (
        11,
        'Kelsey',
        'Thomas',
        'susan28@example.net',
        '+1-840-344-1347',
        '1990-07-30'
    ),
        
    (
        12,
        'Gregory',
        'Randall',
        'andresullivan@example.org',
        '001-532-495-2223x5070',
        '1990-02-28'
    ),
        
    (
        13,
        'Katrina',
        'Bridges',
        'brennanroy@example.net',
        '(780)559-9386',
        '1990-07-24'
    ),
        
    (
        14,
        'Angela',
        'Moore',
        'shane18@example.net',
        '2007902510',
        '2013-05-09'
    ),
        
    (
        15,
        'Tanya',
        'Powers',
        'joneswhitney@example.net',
        '+1-787-340-3724',
        '2006-01-06'
    ),
        
    (
        16,
        'Lauren',
        'Hardy',
        'marklynn@example.net',
        '977.461.1392x136',
        '2002-01-27'
    ),
        
    (
        17,
        'Cheryl',
        'Gray',
        'ellisjoshua@example.net',
        '8995372407',
        '1994-10-20'
    ),
        
    (
        18,
        'James',
        'Perez',
        'ramirezdylan@example.org',
        '(495)772-6069x8360',
        '2014-09-30'
    ),
        
    (
        19,
        'Robert',
        'Madden',
        'henry82@example.net',
        '(469)293-5520',
        '2001-06-15'
    ),
        
    (
        20,
        'Susan',
        'Owens',
        'brownjason@example.net',
        '3698081510',
        '2002-03-20'
    ),
        
    (
        21,
        'Charles',
        'Santana',
        'jacob11@example.org',
        '(716)671-1856x87182',
        '2011-10-05'
    ),
        
    (
        22,
        'Molly',
        'Howard',
        'blakejuan@example.com',
        '240.676.3683x000',
        '2014-11-24'
    ),
        
    (
        23,
        'Michelle',
        'Brown',
        'parksjames@example.net',
        '+1-597-466-3071x41203',
        '2014-12-03'
    ),
        
    (
        24,
        'Allison',
        'Jackson',
        'dennis99@example.org',
        '(613)577-9268',
        '1995-05-01'
    ),
        
    (
        25,
        'Caitlyn',
        'White',
        'htucker@example.org',
        '(301)957-0514x140',
        '2009-08-17'
    ),
        
    (
        26,
        'William',
        'Thompson',
        'bbaker@example.com',
        '(964)278-6592',
        '1999-02-04'
    ),
        
    (
        27,
        'Matthew',
        'York',
        'stevenanderson@example.com',
        '(840)218-6552x82794',
        '2012-09-20'
    ),
        
    (
        28,
        'Kimberly',
        'Crawford',
        'goodwinheather@example.net',
        '920-225-9613',
        '1994-05-23'
    ),
        
    (
        29,
        'Anthony',
        'Taylor',
        'danielle75@example.com',
        '001-507-592-5396x18555',
        '1990-07-13'
    ),
        
    (
        30,
        'Arthur',
        'Ford',
        'caseyanderson@example.net',
        '955-386-4653',
        '2013-08-02'
    ),
        
    (
        31,
        'Joe',
        'York',
        'wcooper@example.com',
        '862.805.9213x538',
        '2005-04-12'
    ),
        
    (
        32,
        'Jeffrey',
        'Robinson',
        'stephaniebest@example.net',
        '001-311-339-6643x94575',
        '2004-11-30'
    ),
        
    (
        33,
        'Stephanie',
        'Johnson',
        'wmorgan@example.net',
        '(634)807-5138x84402',
        '2012-04-10'
    ),
        
    (
        34,
        'Michael',
        'Sanchez',
        'jennifer75@example.org',
        '+1-423-987-0329x49859',
        '2000-06-23'
    ),
        
    (
        35,
        'David',
        'Flores',
        'carpentertrevor@example.org',
        '448-981-5207x3112',
        '1991-07-27'
    ),
        
    (
        36,
        'Jacqueline',
        'Quinn',
        'dannymoran@example.com',
        '435-311-4855x82582',
        '2015-02-15'
    ),
        
    (
        37,
        'Jeffery',
        'Delgado',
        'millerjohn@example.org',
        '(276)547-8210x90205',
        '2009-02-04'
    ),
        
    (
        38,
        'Theresa',
        'Rowe',
        'zmcdonald@example.org',
        '685.375.3888x56881',
        '1995-04-29'
    ),
        
    (
        39,
        'Chloe',
        'Taylor',
        'josephvazquez@example.org',
        '+1-349-694-3442x7595',
        '2001-04-03'
    ),
        
    (
        40,
        'Michael',
        'Miller',
        'candicevillarreal@example.org',
        '6747770113',
        '2004-06-07'
    ),
        
    (
        41,
        'Justin',
        'Marsh',
        'kimeric@example.net',
        '001-273-863-5761',
        '2010-02-20'
    ),
        
    (
        42,
        'Linda',
        'West',
        'clarkrichard@example.com',
        '001-990-970-2081',
        '1991-05-21'
    ),
        
    (
        43,
        'Martha',
        'York',
        'wclark@example.com',
        '001-645-377-0892x805',
        '2005-03-12'
    ),
        
    (
        44,
        'Bridget',
        'Parker',
        'tdixon@example.org',
        '797.846.7125',
        '1991-02-01'
    ),
        
    (
        45,
        'Laura',
        'Mcdowell',
        'michael35@example.org',
        '3142259722',
        '2007-04-25'
    ),
        
    (
        46,
        'Kyle',
        'Johnson',
        'davidsingleton@example.net',
        '(750)284-4810x247',
        '2012-08-22'
    ),
        
    (
        47,
        'Michele',
        'Aguilar',
        'patrickhernandez@example.com',
        '766.280.9353',
        '2001-11-21'
    ),
        
    (
        48,
        'Andrew',
        'Gray',
        'brownjohn@example.org',
        '2685218958',
        '2003-09-10'
    ),
        
    (
        49,
        'Diane',
        'Jones',
        'granttaylor@example.com',
        '798.680.5925x0292',
        '2005-04-11'
    ),
        
    (
        50,
        'Amanda',
        'Garcia',
        'thomasbrittany@example.com',
        '+1-446-373-0857x694',
        '2000-10-05'
    ),
        
    (
        51,
        'Amy',
        'Martinez',
        'chad79@example.net',
        '543-879-2328',
        '1999-10-06'
    ),
        
    (
        52,
        'Gabriel',
        'Wilcox',
        'dharris@example.com',
        '950-202-8690',
        '2008-04-23'
    ),
        
    (
        53,
        'Amy',
        'Hall',
        'glin@example.com',
        '360.694.5148x373',
        '2009-06-20'
    ),
        
    (
        54,
        'Mark',
        'Russell',
        'wlittle@example.com',
        '(979)266-1364',
        '2007-04-12'
    ),
        
    (
        55,
        'Mathew',
        'Kent',
        'qmoore@example.org',
        '(470)577-3801x68211',
        '2009-12-06'
    ),
        
    (
        56,
        'Zachary',
        'Calderon',
        'xparker@example.org',
        '001-936-230-3557x54826',
        '2007-09-06'
    ),
        
    (
        57,
        'Ronald',
        'Kemp',
        'nicolebradley@example.com',
        '+1-462-559-8836',
        '1994-08-20'
    ),
        
    (
        58,
        'Terrence',
        'Jimenez',
        'williamsmichael@example.com',
        '+1-315-904-5426x2169',
        '1996-03-14'
    ),
        
    (
        59,
        'Hannah',
        'Rojas',
        'jocelyn46@example.org',
        '+1-855-223-3762x65462',
        '2014-02-01'
    ),
        
    (
        60,
        'Joseph',
        'Bean',
        'matthewreeves@example.org',
        '001-958-240-5044x1193',
        '2010-12-03'
    ),
        
    (
        61,
        'Gina',
        'Rivera',
        'nwong@example.org',
        '291-947-8265',
        '1997-10-17'
    ),
        
    (
        62,
        'Aaron',
        'Diaz',
        'thompsonkevin@example.com',
        '001-478-281-9072x33580',
        '1992-04-21'
    ),
        
    (
        63,
        'Charles',
        'Davis',
        'psmith@example.com',
        '+1-500-371-8717',
        '1999-08-21'
    ),
        
    (
        64,
        'Tonya',
        'Burns',
        'robertlloyd@example.org',
        '487.259.0586x717',
        '1991-08-07'
    ),
        
    (
        65,
        'Emily',
        'Klein',
        'chadhoward@example.org',
        '+1-759-634-4229x406',
        '1998-04-12'
    ),
        
    (
        66,
        'Nicole',
        'Richards',
        'jmeyer@example.net',
        '(731)406-3860x200',
        '2003-02-19'
    ),
        
    (
        67,
        'Tyler',
        'Navarro',
        'deleongabrielle@example.com',
        '+1-663-616-3191x407',
        '1991-04-10'
    ),
        
    (
        68,
        'Valerie',
        'Holt',
        'autumn98@example.com',
        '(425)952-9416x572',
        '1992-10-22'
    ),
        
    (
        69,
        'Kenneth',
        'Hernandez',
        'phillip97@example.com',
        '941-201-7507x454',
        '1991-06-15'
    ),
        
    (
        70,
        'Matthew',
        'Johnson',
        'joseph17@example.org',
        '245.779.5798',
        '1992-08-25'
    ),
        
    (
        71,
        'Maria',
        'Ramirez',
        'michaelhartman@example.com',
        '6015145700',
        '2010-06-05'
    ),
        
    (
        72,
        'Jennifer',
        'Adams',
        'joseph67@example.com',
        '395.583.4351x891',
        '1998-04-05'
    ),
        
    (
        73,
        'Kevin',
        'Ray',
        'cordovajanice@example.net',
        '+1-444-891-9081',
        '2001-06-21'
    ),
        
    (
        74,
        'Linda',
        'Wood',
        'ihernandez@example.com',
        '334-346-1582x31674',
        '2007-11-02'
    ),
        
    (
        75,
        'Hailey',
        'Chavez',
        'aaronferguson@example.org',
        '347.279.2631x02695',
        '2008-03-18'
    ),
        
    (
        76,
        'Victoria',
        'Alvarez',
        'allendarrell@example.net',
        '(612)225-7528x893',
        '2011-05-17'
    ),
        
    (
        77,
        'Misty',
        'Ball',
        'nicoleholt@example.com',
        '(870)739-1746x55780',
        '1994-10-12'
    ),
        
    (
        78,
        'Bruce',
        'Palmer',
        'joshuafoster@example.com',
        '001-451-353-9918x8455',
        '1993-09-25'
    ),
        
    (
        79,
        'Maria',
        'Smith',
        'campbellclayton@example.net',
        '+1-947-274-2837x9074',
        '2005-02-18'
    ),
        
    (
        80,
        'Brittany',
        'Heath',
        'mezacatherine@example.org',
        '405.626.6278',
        '2011-12-22'
    ),
        
    (
        81,
        'Tracie',
        'Willis',
        'wsmith@example.net',
        '483-710-8565',
        '2011-04-03'
    ),
        
    (
        82,
        'Justin',
        'Hernandez',
        'robert66@example.net',
        '490-559-7889x87512',
        '1995-09-05'
    ),
        
    (
        83,
        'Megan',
        'Tanner',
        'gwendolynlong@example.com',
        '899.808.5669',
        '1991-03-21'
    ),
        
    (
        84,
        'Morgan',
        'Mooney',
        'crosbypeter@example.com',
        '(200)762-4293',
        '2001-01-03'
    ),
        
    (
        85,
        'Amanda',
        'Lewis',
        'eatonkyle@example.org',
        '+1-732-679-1224',
        '2007-11-19'
    ),
        
    (
        86,
        'Matthew',
        'Hernandez',
        'holtmarc@example.com',
        '722.931.3791x6684',
        '2014-07-04'
    ),
        
    (
        87,
        'Valerie',
        'Rivera',
        'kathy59@example.org',
        '9313934252',
        '2012-06-20'
    ),
        
    (
        88,
        'James',
        'Jones',
        'akey@example.org',
        '+1-430-573-4733x7094',
        '1991-05-10'
    ),
        
    (
        89,
        'Pedro',
        'Rodriguez',
        'zoedaniels@example.net',
        '+1-794-424-4064x219',
        '1991-12-18'
    ),
        
    (
        90,
        'Kristy',
        'Diaz',
        'kristinaellis@example.org',
        '+1-524-332-6823x2277',
        '1993-03-19'
    ),
        
    (
        91,
        'Emily',
        'Johnson',
        'micheal60@example.org',
        '+1-792-313-5054x9792',
        '2007-04-23'
    ),
        
    (
        92,
        'Clinton',
        'Phillips',
        'mauricejohnson@example.com',
        '547.644.3772x0441',
        '2014-03-16'
    ),
        
    (
        93,
        'Pamela',
        'Johnson',
        'nicholas62@example.org',
        '001-418-541-9133x10690',
        '1994-02-03'
    ),
        
    (
        94,
        'Anthony',
        'Weaver',
        'ljohnson@example.net',
        '(935)297-6926x5371',
        '2008-03-30'
    ),
        
    (
        95,
        'Michelle',
        'Brown',
        'carriemercado@example.org',
        '832.339.0788',
        '2003-02-02'
    ),
        
    (
        96,
        'Rodney',
        'Estrada',
        'kellyallen@example.com',
        '(534)350-8739x6545',
        '2013-04-11'
    ),
        
    (
        97,
        'Miranda',
        'Nguyen',
        'webbtony@example.com',
        '582.550.8718x5264',
        '2013-08-23'
    ),
        
    (
        98,
        'Chad',
        'Gonzalez',
        'shannon87@example.net',
        '001-480-684-1153x089',
        '1998-07-07'
    ),
        
    (
        99,
        'Arthur',
        'Mcknight',
        'kristinereyes@example.org',
        '(687)961-4915x47956',
        '2014-08-18'
    ),
        
    (
        100,
        'Tyler',
        'Fuller',
        'fisherchelsea@example.org',
        '(749)869-8729x64520',
        '2009-12-08'
    );
        
    insert into
    store_address (
        customer_id,
        province,
        city,
        street
    )
    values
    
    (
        1,
        'West Paul',
        'Patelport',
        'Robinson Isle'
    ),
        
    (
        2,
        'Jonberg',
        'Bennettfurt',
        'Rogers Grove'
    ),
        
    (
        3,
        'New Paul',
        'New Donna',
        'Lambert Drive'
    ),
        
    (
        4,
        'North Rodney',
        'North Brandonport',
        'Ramirez Centers'
    ),
        
    (
        5,
        'Lake Frank',
        'Kimberlymouth',
        'Dickson Parks'
    ),
        
    (
        6,
        'Leetown',
        'Meyerfurt',
        'Martinez Loaf'
    ),
        
    (
        7,
        'Richardstad',
        'Lake Michael',
        'Lori Manors'
    ),
        
    (
        8,
        'Martintown',
        'New Emilyshire',
        'Duke Overpass'
    ),
        
    (
        9,
        'East Maryport',
        'Newmanbury',
        'Martinez Shore'
    ),
        
    (
        10,
        'North Tiffanymouth',
        'Lake Andre',
        'Hector Meadows'
    ),
        
    (
        11,
        'North Mackenziemouth',
        'West Melindastad',
        'Albert Ford'
    ),
        
    (
        12,
        'Williamport',
        'Peggymouth',
        'Duke Mall'
    ),
        
    (
        13,
        'Crystalstad',
        'Jamesland',
        'Brian Ville'
    ),
        
    (
        14,
        'Pamelahaven',
        'Jasonmouth',
        'Ryan Forges'
    ),
        
    (
        15,
        'South Traceytown',
        'Harperbury',
        'Cruz Vista'
    ),
        
    (
        16,
        'Port Keith',
        'Abigailside',
        'David Lake'
    ),
        
    (
        17,
        'Pageshire',
        'Campbellborough',
        'Neal Oval'
    ),
        
    (
        18,
        'Sherimouth',
        'New Paul',
        'Pamela Hill'
    ),
        
    (
        19,
        'Brittanyport',
        'Nguyenburgh',
        'Gonzalez Pike'
    ),
        
    (
        20,
        'North Travisburgh',
        'North Brittany',
        'William Crossroad'
    ),
        
    (
        21,
        'Shermanmouth',
        'North Dylanland',
        'Cynthia Ramp'
    ),
        
    (
        22,
        'Caldwellfurt',
        'Allenfurt',
        'Nathaniel Cove'
    ),
        
    (
        23,
        'North Michael',
        'Johnfurt',
        'Erin Bridge'
    ),
        
    (
        24,
        'Gardnerville',
        'North Oscarview',
        'Kevin Shores'
    ),
        
    (
        25,
        'Conniehaven',
        'Houstonshire',
        'Lin Ford'
    ),
        
    (
        26,
        'Lake Johnville',
        'East Mark',
        'Randy Summit'
    ),
        
    (
        27,
        'Calvinborough',
        'East Richardmouth',
        'James Cliffs'
    ),
        
    (
        28,
        'West Lauraville',
        'Walkerberg',
        'Brittany Creek'
    ),
        
    (
        29,
        'West Shelia',
        'Thomasmouth',
        'Hunter Summit'
    ),
        
    (
        30,
        'Bryantmouth',
        'New Philliphaven',
        'Matthew Path'
    ),
        
    (
        31,
        'Bradleyfurt',
        'East Kristen',
        'Tyrone Ridges'
    ),
        
    (
        32,
        'South Jessica',
        'Browningborough',
        'Banks Hill'
    ),
        
    (
        33,
        'Brittneytown',
        'West Andrewfort',
        'Jane Cliffs'
    ),
        
    (
        34,
        'Fernandezstad',
        'East Aaron',
        'Christopher Vista'
    ),
        
    (
        35,
        'Grantburgh',
        'West Sarahmouth',
        'Mary Drive'
    ),
        
    (
        36,
        'Lake Kenneth',
        'East Carmen',
        'Carmen Fork'
    ),
        
    (
        37,
        'East Daniel',
        'South Richardstad',
        'Melanie Valleys'
    ),
        
    (
        38,
        'Blackwellfurt',
        'South Brianna',
        'Green Union'
    ),
        
    (
        39,
        'Rodriguezmouth',
        'Clarkport',
        'James Lodge'
    ),
        
    (
        40,
        'Coryside',
        'South Deanna',
        'John Radial'
    ),
        
    (
        41,
        'Russellfort',
        'West David',
        'Gina Viaduct'
    ),
        
    (
        42,
        'East Lisa',
        'North William',
        'Jose Walk'
    ),
        
    (
        43,
        'New Stephanieberg',
        'Ryanborough',
        'Cook Squares'
    ),
        
    (
        44,
        'West Matthewport',
        'Edwardstad',
        'Crystal Stream'
    ),
        
    (
        45,
        'Meganborough',
        'Townsendfurt',
        'Ayers Bypass'
    ),
        
    (
        46,
        'Elizabethshire',
        'Joannetown',
        'Francis Viaduct'
    ),
        
    (
        47,
        'Hernandezhaven',
        'Wagnerburgh',
        'Brown Vista'
    ),
        
    (
        48,
        'Millermouth',
        'Lake Denise',
        'Hall Lodge'
    ),
        
    (
        49,
        'Debratown',
        'Port Mark',
        'Lee Underpass'
    ),
        
    (
        50,
        'Hallton',
        'Port Tracy',
        'Sanchez Terrace'
    ),
        
    (
        51,
        'Port Deborah',
        'Port Robertstad',
        'Timothy Courts'
    ),
        
    (
        52,
        'Vincentview',
        'Coreyberg',
        'Mcclure Shores'
    ),
        
    (
        53,
        'Lake Patriciaview',
        'East Alexander',
        'April Station'
    ),
        
    (
        54,
        'Mistybury',
        'Lake Eric',
        'Chase Valleys'
    ),
        
    (
        55,
        'Lake Laurenbury',
        'Victoriamouth',
        'Johnson Glen'
    ),
        
    (
        56,
        'North Autumn',
        'North Alexanderport',
        'Stephens Island'
    ),
        
    (
        57,
        'Lake Francisview',
        'Ochoaton',
        'Jeffrey Fort'
    ),
        
    (
        58,
        'West Daniel',
        'Elliotttown',
        'Destiny Estates'
    ),
        
    (
        59,
        'Danachester',
        'Lake Johnport',
        'Lance Center'
    ),
        
    (
        60,
        'South Meredithburgh',
        'Valdezburgh',
        'Michael Glens'
    ),
        
    (
        61,
        'West Jonathanport',
        'Lake Christinaton',
        'Wilson Ranch'
    ),
        
    (
        62,
        'Bakerhaven',
        'New Alexis',
        'Lester Isle'
    ),
        
    (
        63,
        'Hullmouth',
        'East Angelaburgh',
        'Burton Springs'
    ),
        
    (
        64,
        'Gilesville',
        'West Ralph',
        'Vance Neck'
    ),
        
    (
        65,
        'New Matthew',
        'North Jasonmouth',
        'Shawna Common'
    ),
        
    (
        66,
        'Laurafurt',
        'Lake Bethanyborough',
        'Lee Coves'
    ),
        
    (
        67,
        'East Michelleton',
        'Phillipview',
        'Wanda Mission'
    ),
        
    (
        68,
        'East Victoria',
        'Wrightshire',
        'Renee Springs'
    ),
        
    (
        69,
        'South Mariaberg',
        'Garzaville',
        'Sellers Underpass'
    ),
        
    (
        70,
        'South Martin',
        'East Shawn',
        'Kenneth Overpass'
    ),
        
    (
        71,
        'Bishopberg',
        'North Sean',
        'West Turnpike'
    ),
        
    (
        72,
        'Johnport',
        'Taylorshire',
        'Green Via'
    ),
        
    (
        73,
        'Port Robert',
        'South Brittany',
        'Wagner View'
    ),
        
    (
        74,
        'Kaneport',
        'Anthonyburgh',
        'Andrew Crossroad'
    ),
        
    (
        75,
        'New Mollyport',
        'East Marcia',
        'Sandra Crossing'
    ),
        
    (
        76,
        'Mahoneymouth',
        'New Maryfurt',
        'Robinson Springs'
    ),
        
    (
        77,
        'Lake Kathleen',
        'Lake Todd',
        'April Circles'
    ),
        
    (
        78,
        'Huffmouth',
        'Port Sarah',
        'Bryant Meadow'
    ),
        
    (
        79,
        'Ravenport',
        'North Clarenceview',
        'Karen Harbor'
    ),
        
    (
        80,
        'North Josephborough',
        'South Melissafurt',
        'Ashley Station'
    ),
        
    (
        81,
        'Jermainefort',
        'Port Jordanville',
        'William Walk'
    ),
        
    (
        82,
        'Lake Michaelberg',
        'New Yolanda',
        'Everett Dam'
    ),
        
    (
        83,
        'New Deanna',
        'Kingland',
        'Boyer Summit'
    ),
        
    (
        84,
        'Mcdowellmouth',
        'Port Alicia',
        'Mercado Inlet'
    ),
        
    (
        85,
        'Elliottmouth',
        'West Jasonmouth',
        'Timothy Lock'
    ),
        
    (
        86,
        'East Elizabethport',
        'Gabrielletown',
        'Morris Mountain'
    ),
        
    (
        87,
        'Lake Laurie',
        'Hernandezport',
        'Rebecca Glen'
    ),
        
    (
        88,
        'New Kathrynmouth',
        'East Aliciaton',
        'Johnson Park'
    ),
        
    (
        89,
        'Hicksland',
        'Robertmouth',
        'Timothy Squares'
    ),
        
    (
        90,
        'Colinport',
        'Michealbury',
        'Richmond Club'
    ),
        
    (
        91,
        'Careybury',
        'South Michael',
        'Lisa Circle'
    ),
        
    (
        92,
        'South Lisa',
        'Wolfmouth',
        'Cook Park'
    ),
        
    (
        93,
        'North Ronald',
        'Millsview',
        'Scott Springs'
    ),
        
    (
        94,
        'East Alan',
        'Loganstad',
        'Lee Parkways'
    ),
        
    (
        95,
        'Torresborough',
        'New Sarah',
        'Jessica Tunnel'
    ),
        
    (
        96,
        'South David',
        'North Kellieview',
        'Rhodes Underpass'
    ),
        
    (
        97,
        'New Gina',
        'Stephenstown',
        'Miller Drive'
    ),
        
    (
        98,
        'East Tiffany',
        'Gibsonstad',
        'Moore Station'
    ),
        
    (
        99,
        'East Erica',
        'Dianeville',
        'Ibarra Valleys'
    ),
        
    (
        100,
        'West Jasonville',
        'South Keith',
        'Stone Mount'
    );
        
    insert into
    store_order (
        id,
        customer_id,
        datetime_created,
        status
    )
    values
    
    (
        1,
        1,
        '2022-08-02 21:36:16',
        'p'
    ),
        
    (
        2,
        2,
        '2022-10-25 03:50:05',
        'u'
    ),
        
    (
        3,
        3,
        '2023-04-05 18:48:26',
        'c'
    ),
        
    (
        4,
        6,
        '2022-10-16 13:53:50',
        'p'
    ),
        
    (
        5,
        7,
        '2023-01-02 12:23:03',
        'u'
    ),
        
    (
        6,
        8,
        '2021-08-20 15:58:28',
        'p'
    ),
        
    (
        7,
        12,
        '2021-02-06 07:22:35',
        'c'
    ),
        
    (
        8,
        13,
        '2021-08-22 01:20:50',
        'u'
    ),
        
    (
        9,
        15,
        '2021-03-15 17:17:43',
        'p'
    ),
        
    (
        10,
        16,
        '2021-10-08 22:08:46',
        'u'
    ),
        
    (
        11,
        17,
        '2020-06-25 23:20:30',
        'p'
    ),
        
    (
        12,
        18,
        '2022-01-23 23:42:59',
        'c'
    ),
        
    (
        13,
        22,
        '2021-12-13 03:03:23',
        'p'
    ),
        
    (
        14,
        24,
        '2022-03-01 06:37:01',
        'p'
    ),
        
    (
        15,
        26,
        '2021-12-18 13:46:09',
        'u'
    ),
        
    (
        16,
        28,
        '2020-05-07 12:34:43',
        'p'
    ),
        
    (
        17,
        29,
        '2021-01-17 07:26:15',
        'c'
    ),
        
    (
        18,
        32,
        '2022-12-29 20:51:18',
        'p'
    ),
        
    (
        19,
        33,
        '2022-11-10 13:55:37',
        'u'
    ),
        
    (
        20,
        37,
        '2022-04-05 23:13:55',
        'u'
    ),
        
    (
        21,
        40,
        '2022-09-25 10:06:15',
        'u'
    ),
        
    (
        22,
        42,
        '2020-09-30 23:47:44',
        'c'
    ),
        
    (
        23,
        43,
        '2023-02-07 19:28:43',
        'u'
    ),
        
    (
        24,
        44,
        '2022-12-01 05:09:12',
        'c'
    ),
        
    (
        25,
        45,
        '2023-01-09 18:44:05',
        'p'
    ),
        
    (
        26,
        53,
        '2020-03-02 18:08:13',
        'c'
    ),
        
    (
        27,
        55,
        '2020-06-06 22:21:06',
        'u'
    ),
        
    (
        28,
        56,
        '2020-08-28 10:32:54',
        'c'
    ),
        
    (
        29,
        58,
        '2020-10-16 10:17:18',
        'p'
    ),
        
    (
        30,
        59,
        '2022-03-17 10:05:47',
        'p'
    ),
        
    (
        31,
        60,
        '2023-05-02 05:41:29',
        'c'
    ),
        
    (
        32,
        61,
        '2020-10-21 04:50:29',
        'p'
    ),
        
    (
        33,
        62,
        '2022-03-26 06:46:04',
        'p'
    ),
        
    (
        34,
        63,
        '2021-05-14 07:52:04',
        'p'
    ),
        
    (
        35,
        64,
        '2020-03-05 22:22:07',
        'c'
    ),
        
    (
        36,
        67,
        '2022-02-18 20:23:50',
        'c'
    ),
        
    (
        37,
        69,
        '2023-05-14 20:55:04',
        'p'
    ),
        
    (
        38,
        70,
        '2021-05-05 11:58:23',
        'u'
    ),
        
    (
        39,
        72,
        '2022-04-25 10:33:22',
        'p'
    ),
        
    (
        40,
        76,
        '2022-11-01 16:48:42',
        'u'
    ),
        
    (
        41,
        78,
        '2021-05-24 03:18:51',
        'u'
    ),
        
    (
        42,
        81,
        '2021-11-29 06:33:22',
        'c'
    ),
        
    (
        43,
        84,
        '2020-07-06 05:31:18',
        'p'
    ),
        
    (
        44,
        87,
        '2022-07-17 21:10:56',
        'c'
    ),
        
    (
        45,
        88,
        '2020-12-18 12:17:27',
        'p'
    ),
        
    (
        46,
        89,
        '2020-07-20 07:24:05',
        'u'
    ),
        
    (
        47,
        90,
        '2020-12-26 17:30:12',
        'c'
    ),
        
    (
        48,
        92,
        '2022-03-31 13:11:54',
        'u'
    ),
        
    (
        49,
        93,
        '2022-10-27 03:58:56',
        'u'
    ),
        
    (
        50,
        96,
        '2022-04-07 10:57:58',
        'p'
    ),
        
    (
        51,
        97,
        '2023-02-20 02:53:10',
        'c'
    ),
        
    (
        52,
        98,
        '2020-01-16 06:10:16',
        'u'
    ),
        
    (
        53,
        99,
        '2021-05-20 10:57:15',
        'c'
    ),
        
    (
        54,
        100,
        '2022-01-19 22:00:54',
        'u'
    );
        
    insert into
    store_orderitem (
        id,
        order_id,
        product_id,
        quantity,
        unit_price
    )
    values
    
        (
            1,
            1,
            893,
            3,
            1.13
        ),
            
        (
            2,
            1,
            913,
            10,
            20.55
        ),
            
        (
            3,
            1,
            953,
            5,
            34.88
        ),
            
        (
            4,
            1,
            156,
            8,
            15.00
        ),
            
        (
            5,
            2,
            736,
            6,
            93.34
        ),
            
        (
            6,
            2,
            634,
            5,
            16.69
        ),
            
        (
            7,
            2,
            916,
            1,
            87.30
        ),
            
        (
            8,
            3,
            81,
            3,
            5.88
        ),
            
        (
            9,
            3,
            464,
            8,
            71.39
        ),
            
        (
            10,
            3,
            133,
            2,
            75.38
        ),
            
        (
            11,
            3,
            107,
            5,
            40.60
        ),
            
        (
            12,
            3,
            953,
            8,
            60.52
        ),
            
        (
            13,
            4,
            606,
            4,
            21.40
        ),
            
        (
            14,
            4,
            612,
            4,
            97.28
        ),
            
        (
            15,
            5,
            353,
            10,
            96.81
        ),
            
        (
            16,
            5,
            961,
            2,
            38.93
        ),
            
        (
            17,
            5,
            909,
            10,
            93.24
        ),
            
        (
            18,
            6,
            357,
            6,
            65.30
        ),
            
        (
            19,
            7,
            434,
            8,
            19.34
        ),
            
        (
            20,
            7,
            846,
            6,
            79.16
        ),
            
        (
            21,
            8,
            42,
            10,
            4.14
        ),
            
        (
            22,
            8,
            420,
            1,
            21.56
        ),
            
        (
            23,
            8,
            110,
            2,
            95.37
        ),
            
        (
            24,
            8,
            68,
            8,
            47.56
        ),
            
        (
            25,
            8,
            320,
            10,
            41.26
        ),
            
        (
            26,
            9,
            913,
            5,
            54.55
        ),
            
        (
            27,
            9,
            956,
            5,
            42.24
        ),
            
        (
            28,
            9,
            542,
            8,
            22.34
        ),
            
        (
            29,
            9,
            941,
            8,
            65.11
        ),
            
        (
            30,
            10,
            61,
            7,
            41.89
        ),
            
        (
            31,
            10,
            901,
            4,
            5.44
        ),
            
        (
            32,
            10,
            792,
            5,
            95.48
        ),
            
        (
            33,
            10,
            851,
            9,
            70.11
        ),
            
        (
            34,
            10,
            706,
            3,
            67.17
        ),
            
        (
            35,
            11,
            603,
            10,
            50.87
        ),
            
        (
            36,
            11,
            857,
            5,
            41.50
        ),
            
        (
            37,
            12,
            927,
            3,
            62.71
        ),
            
        (
            38,
            12,
            66,
            9,
            65.22
        ),
            
        (
            39,
            12,
            441,
            3,
            92.02
        ),
            
        (
            40,
            12,
            706,
            1,
            68.24
        ),
            
        (
            41,
            12,
            69,
            2,
            68.28
        ),
            
        (
            42,
            13,
            304,
            10,
            21.66
        ),
            
        (
            43,
            13,
            884,
            4,
            13.42
        ),
            
        (
            44,
            13,
            615,
            6,
            34.68
        ),
            
        (
            45,
            13,
            820,
            2,
            70.30
        ),
            
        (
            46,
            14,
            386,
            6,
            57.72
        ),
            
        (
            47,
            15,
            981,
            3,
            27.31
        ),
            
        (
            48,
            16,
            621,
            9,
            54.54
        ),
            
        (
            49,
            16,
            511,
            4,
            17.69
        ),
            
        (
            50,
            16,
            798,
            5,
            64.95
        ),
            
        (
            51,
            16,
            627,
            1,
            58.22
        ),
            
        (
            52,
            17,
            352,
            5,
            36.84
        ),
            
        (
            53,
            18,
            931,
            8,
            50.43
        ),
            
        (
            54,
            18,
            215,
            5,
            57.88
        ),
            
        (
            55,
            18,
            101,
            8,
            31.86
        ),
            
        (
            56,
            18,
            52,
            2,
            25.77
        ),
            
        (
            57,
            18,
            966,
            6,
            7.79
        ),
            
        (
            58,
            19,
            783,
            8,
            70.14
        ),
            
        (
            59,
            19,
            294,
            1,
            66.42
        ),
            
        (
            60,
            19,
            458,
            2,
            29.47
        ),
            
        (
            61,
            19,
            653,
            8,
            59.63
        ),
            
        (
            62,
            20,
            285,
            2,
            43.18
        ),
            
        (
            63,
            20,
            795,
            6,
            1.32
        ),
            
        (
            64,
            20,
            282,
            8,
            82.84
        ),
            
        (
            65,
            21,
            346,
            4,
            13.64
        ),
            
        (
            66,
            21,
            372,
            8,
            41.58
        ),
            
        (
            67,
            21,
            341,
            2,
            26.86
        ),
            
        (
            68,
            22,
            407,
            10,
            83.73
        ),
            
        (
            69,
            22,
            244,
            10,
            71.54
        ),
            
        (
            70,
            22,
            681,
            8,
            72.17
        ),
            
        (
            71,
            22,
            989,
            1,
            94.46
        ),
            
        (
            72,
            23,
            611,
            3,
            39.42
        ),
            
        (
            73,
            23,
            508,
            2,
            8.95
        ),
            
        (
            74,
            23,
            426,
            3,
            61.13
        ),
            
        (
            75,
            23,
            186,
            6,
            78.35
        ),
            
        (
            76,
            23,
            842,
            2,
            51.05
        ),
            
        (
            77,
            24,
            559,
            10,
            56.85
        ),
            
        (
            78,
            24,
            555,
            10,
            35.55
        ),
            
        (
            79,
            25,
            622,
            9,
            20.27
        ),
            
        (
            80,
            26,
            256,
            9,
            96.28
        ),
            
        (
            81,
            26,
            297,
            1,
            3.89
        ),
            
        (
            82,
            26,
            687,
            3,
            97.61
        ),
            
        (
            83,
            26,
            550,
            10,
            71.06
        ),
            
        (
            84,
            26,
            561,
            7,
            75.14
        ),
            
        (
            85,
            27,
            937,
            2,
            41.82
        ),
            
        (
            86,
            27,
            817,
            5,
            81.04
        ),
            
        (
            87,
            27,
            648,
            8,
            7.12
        ),
            
        (
            88,
            27,
            905,
            6,
            27.62
        ),
            
        (
            89,
            27,
            453,
            4,
            40.35
        ),
            
        (
            90,
            28,
            251,
            8,
            39.63
        ),
            
        (
            91,
            29,
            730,
            2,
            32.77
        ),
            
        (
            92,
            29,
            80,
            6,
            87.87
        ),
            
        (
            93,
            29,
            920,
            6,
            89.94
        ),
            
        (
            94,
            29,
            928,
            2,
            19.82
        ),
            
        (
            95,
            29,
            367,
            7,
            25.14
        ),
            
        (
            96,
            30,
            212,
            1,
            79.38
        ),
            
        (
            97,
            30,
            640,
            4,
            92.55
        ),
            
        (
            98,
            31,
            641,
            5,
            27.06
        ),
            
        (
            99,
            32,
            576,
            4,
            38.33
        ),
            
        (
            100,
            32,
            872,
            3,
            93.22
        ),
            
        (
            101,
            33,
            126,
            10,
            13.68
        ),
            
        (
            102,
            34,
            912,
            9,
            37.93
        ),
            
        (
            103,
            35,
            369,
            6,
            84.67
        ),
            
        (
            104,
            35,
            984,
            5,
            97.92
        ),
            
        (
            105,
            35,
            500,
            3,
            44.63
        ),
            
        (
            106,
            36,
            236,
            7,
            79.57
        ),
            
        (
            107,
            37,
            698,
            3,
            46.96
        ),
            
        (
            108,
            38,
            408,
            4,
            37.00
        ),
            
        (
            109,
            38,
            718,
            1,
            36.55
        ),
            
        (
            110,
            38,
            475,
            8,
            41.45
        ),
            
        (
            111,
            38,
            714,
            8,
            97.70
        ),
            
        (
            112,
            39,
            67,
            7,
            2.35
        ),
            
        (
            113,
            39,
            343,
            8,
            36.55
        ),
            
        (
            114,
            39,
            839,
            7,
            23.58
        ),
            
        (
            115,
            39,
            671,
            10,
            38.10
        ),
            
        (
            116,
            40,
            233,
            9,
            33.68
        ),
            
        (
            117,
            40,
            154,
            4,
            68.61
        ),
            
        (
            118,
            41,
            779,
            1,
            21.78
        ),
            
        (
            119,
            41,
            911,
            9,
            7.17
        ),
            
        (
            120,
            42,
            325,
            5,
            84.07
        ),
            
        (
            121,
            43,
            531,
            3,
            24.29
        ),
            
        (
            122,
            43,
            597,
            1,
            25.68
        ),
            
        (
            123,
            43,
            61,
            9,
            65.59
        ),
            
        (
            124,
            44,
            326,
            2,
            12.45
        ),
            
        (
            125,
            44,
            328,
            7,
            81.20
        ),
            
        (
            126,
            44,
            266,
            3,
            88.90
        ),
            
        (
            127,
            44,
            285,
            5,
            11.64
        ),
            
        (
            128,
            45,
            638,
            8,
            18.93
        ),
            
        (
            129,
            45,
            703,
            6,
            26.86
        ),
            
        (
            130,
            45,
            119,
            4,
            1.07
        ),
            
        (
            131,
            45,
            441,
            10,
            20.34
        ),
            
        (
            132,
            46,
            657,
            3,
            98.87
        ),
            
        (
            133,
            46,
            635,
            2,
            27.07
        ),
            
        (
            134,
            46,
            465,
            2,
            75.38
        ),
            
        (
            135,
            47,
            565,
            8,
            96.97
        ),
            
        (
            136,
            47,
            297,
            2,
            42.50
        ),
            
        (
            137,
            47,
            124,
            9,
            86.68
        ),
            
        (
            138,
            48,
            724,
            1,
            25.85
        ),
            
        (
            139,
            48,
            904,
            9,
            49.55
        ),
            
        (
            140,
            48,
            150,
            5,
            2.63
        ),
            
        (
            141,
            48,
            993,
            7,
            64.37
        ),
            
        (
            142,
            49,
            309,
            1,
            70.79
        ),
            
        (
            143,
            49,
            656,
            2,
            6.78
        ),
            
        (
            144,
            49,
            642,
            9,
            83.81
        ),
            
        (
            145,
            49,
            737,
            6,
            5.48
        ),
            
        (
            146,
            49,
            666,
            1,
            13.59
        ),
            
        (
            147,
            50,
            952,
            9,
            43.74
        ),
            
        (
            148,
            51,
            950,
            1,
            43.78
        ),
            
        (
            149,
            51,
            149,
            9,
            28.22
        ),
            
        (
            150,
            51,
            410,
            8,
            54.34
        ),
            
        (
            151,
            52,
            182,
            1,
            82.70
        ),
            
        (
            152,
            52,
            592,
            5,
            48.70
        ),
            
        (
            153,
            53,
            191,
            4,
            83.93
        ),
            
        (
            154,
            53,
            898,
            3,
            50.83
        ),
            
        (
            155,
            53,
            894,
            1,
            70.16
        ),
            
        (
            156,
            54,
            515,
            6,
            16.49
        ),
            
        (
            157,
            54,
            564,
            6,
            61.29
        ),
            
        (
            158,
            54,
            79,
            5,
            23.77
        ),
            
        (
            159,
            54,
            253,
            3,
            75.15
        );
            
    insert into
    store_comment (
        id,
        product_id,
        name,
        body,
        datetime_created,
        status
    )
    values
    
    (
        1,
        577,
        'Alexander',
        'Point avoid turn couple. Water arrive black girl read light provide pay.',
        '2020-05-03 02:31:46',
        'w'
    ),
        
    (
        2,
        496,
        'Courtney',
        'Edge image relate impact.',
        '2018-03-30 00:12:48',
        'w'
    ),
        
    (
        3,
        297,
        ' Obrien',
        'Weight table own sit for design actually mean. Send education doctor allow trial.',
        '2019-06-13 01:25:04',
        'a'
    ),
        
    (
        4,
        351,
        'William',
        'Beat war out partner capital east their service. Might both case worry there.',
        '2018-11-17 01:40:38',
        'na'
    ),
        
    (
        5,
        730,
        'Kelsey',
        'Sing everybody form then. Year particularly couple not traditional.',
        '2022-06-04 13:31:59',
        'w'
    ),
        
    (
        6,
        458,
        'Stephanie',
        'Newspaper candidate field bag ask. Various plan then around land send. Special mind center director over every. Treatment professional quality pass which better.',
        '2018-06-08 14:14:16',
        'a'
    ),
        
    (
        7,
        392,
        'Isaiah',
        'Recent top third future pattern everybody product. Single admit guess seem reflect term sort. Camera sister need always.',
        '2020-07-18 14:31:52',
        'a'
    ),
        
    (
        8,
        553,
        'Gregory',
        'Work child trouble claim plant back hard. Hear outside sign discuss difference pick. Wonder individual up someone whole growth. How sell clearly how player laugh. Watch recognize left.',
        '2022-02-03 20:42:19',
        'a'
    ),
        
    (
        9,
        43,
        'Nicole',
        'Measure certain two finally consider evidence government.',
        '2023-04-04 23:53:03',
        'w'
    ),
        
    (
        10,
        250,
        ' Mills',
        'Whose leader use hand at number those. Magazine century ahead exactly support only. Scientist pay any win improve. Himself trial break like city. There election learn summer end southern political.',
        '2021-12-08 23:37:06',
        'a'
    ),
        
    (
        11,
        619,
        ' Martin',
        'Beautiful recognize test bring upon. Outside one church expect collection garden together.',
        '2020-04-06 02:40:22',
        'a'
    ),
        
    (
        12,
        908,
        'Thomas',
        'Key strong nation tell suggest.',
        '2019-06-15 02:22:11',
        'w'
    ),
        
    (
        13,
        572,
        ' Tran',
        'Gun make fish necessary although. Occur significant story start learn skill against. Service need red people talk.',
        '2017-02-03 14:40:10',
        'na'
    ),
        
    (
        14,
        96,
        ' Patterson',
        'Stand again successful little. Democratic if after specific time Congress.',
        '2021-12-22 11:32:09',
        'w'
    ),
        
    (
        15,
        173,
        'Amanda',
        'World we main fund unit. Water culture staff common party history.',
        '2022-10-20 23:03:08',
        'na'
    ),
        
    (
        16,
        606,
        'Mark',
        'Miss him office north these side single.',
        '2021-07-10 15:40:00',
        'w'
    ),
        
    (
        17,
        685,
        ' Patel',
        'Pick natural ago challenge success under begin. Game ago rate individual.',
        '2020-06-24 09:49:51',
        'na'
    ),
        
    (
        18,
        618,
        ' Coleman',
        'Seek less down be federal. Personal professor crime.',
        '2017-05-19 09:08:42',
        'w'
    ),
        
    (
        19,
        398,
        'Daniel',
        'Close some hair team least.',
        '2020-09-17 00:57:29',
        'a'
    ),
        
    (
        20,
        570,
        ' Beck',
        'Brother seven teach also half.',
        '2017-02-16 21:14:02',
        'w'
    ),
        
    (
        21,
        17,
        'Lisa',
        'Up we strategy character probably sister.',
        '2022-11-29 10:43:12',
        'na'
    ),
        
    (
        22,
        218,
        'Linda',
        'Realize arm wear even tonight resource. Treatment performance during treatment edge.',
        '2019-01-15 18:52:05',
        'na'
    ),
        
    (
        23,
        291,
        'Anthony',
        'Decision open future eight end. Religious of couple despite single factor stuff financial.',
        '2017-01-31 17:54:20',
        'w'
    ),
        
    (
        24,
        633,
        'Denise',
        'Project ok education camera. Try summer responsibility check hundred.',
        '2020-05-13 10:48:07',
        'a'
    ),
        
    (
        25,
        87,
        'Barbara',
        'Good everything miss face sell war these fund.',
        '2015-06-09 15:47:52',
        'w'
    ),
        
    (
        26,
        855,
        'Gregory',
        'Message along world home produce few.',
        '2022-11-04 07:15:15',
        'w'
    ),
        
    (
        27,
        647,
        ' Gregory',
        'Top traditional stop very wife gas itself. Leader score account across improve grow.',
        '2018-01-01 03:51:18',
        'w'
    ),
        
    (
        28,
        48,
        ' Wells',
        'During present be area nice.',
        '2019-05-04 07:37:04',
        'a'
    ),
        
    (
        29,
        170,
        'Danielle',
        'Parent its only sister station take.',
        '2018-04-01 05:11:45',
        'a'
    ),
        
    (
        30,
        534,
        'Madeline',
        'Skill lay audience scientist however.',
        '2021-06-02 17:31:14',
        'a'
    ),
        
    (
        31,
        547,
        ' Mills',
        'Marriage skin watch whose.',
        '2023-01-13 10:41:33',
        'w'
    ),
        
    (
        32,
        300,
        ' Lang',
        'Side Republican he economic. Fast dog benefit lead. Join quality of soldier outside story.',
        '2016-11-02 04:02:28',
        'na'
    ),
        
    (
        33,
        457,
        'Nicole',
        'Give attack he trip.',
        '2015-06-16 02:31:40',
        'na'
    ),
        
    (
        34,
        550,
        'Zachary',
        'Speak heavy commercial recently person.',
        '2015-03-15 19:31:51',
        'a'
    ),
        
    (
        35,
        156,
        'Adrienne',
        'Simple democratic stop both off significant. Month meeting per political. Exist time behind media agency trouble require. A of politics brother.',
        '2021-08-26 12:46:26',
        'na'
    ),
        
    (
        36,
        944,
        'Melissa',
        'Or fast south crime break four. Baby south possible operation out our report. Turn among public work address career table.',
        '2022-11-09 09:17:08',
        'na'
    ),
        
    (
        37,
        47,
        ' Thomas',
        'Information imagine college land. Think discover suffer positive large author carry. Why choose sing leg attack voice under successful.',
        '2019-08-06 03:35:33',
        'a'
    ),
        
    (
        38,
        44,
        ' Lewis',
        'Purpose black billion send future away science. Eight stand American news start.',
        '2016-01-13 06:41:36',
        'na'
    ),
        
    (
        39,
        718,
        'Rebecca',
        'Doctor outside this challenge model even. Customer near painting compare medical campaign.',
        '2018-07-29 01:02:21',
        'a'
    ),
        
    (
        40,
        292,
        'Sandra',
        'Beat sea feeling time ok budget inside.',
        '2022-04-24 00:39:17',
        'a'
    ),
        
    (
        41,
        970,
        ' Wilson',
        'Owner force contain sea when per. Authority election somebody development seat. Bill soldier reflect rest.',
        '2020-03-21 08:01:14',
        'w'
    ),
        
    (
        42,
        680,
        ' Gill',
        'Way quickly current you out actually people.',
        '2021-11-20 08:46:41',
        'a'
    ),
        
    (
        43,
        386,
        'Kevin',
        'Appear public consumer give glass our determine community. Show specific nor large out.',
        '2017-06-11 17:02:41',
        'a'
    ),
        
    (
        44,
        832,
        ' Brown',
        'Meeting never charge itself interest.',
        '2022-09-20 17:24:36',
        'a'
    ),
        
    (
        45,
        551,
        'Jennifer',
        'Lead easy huge guy leg. Early piece relate form. Camera really big drive interesting. Task all left close explain language. Any weight recognize.',
        '2021-12-16 16:29:51',
        'na'
    ),
        
    (
        46,
        438,
        'David',
        'Tough fill short try. Fear subject think yeah pretty use. His almost similar every or lot deal.',
        '2015-11-02 21:44:08',
        'na'
    ),
        
    (
        47,
        735,
        'Elizabeth',
        'Institution personal pretty dog box suddenly that.',
        '2022-06-19 21:09:06',
        'na'
    ),
        
    (
        48,
        654,
        'Samuel',
        'Mention around rich its. Bed magazine police material paper child night.',
        '2022-10-19 14:08:56',
        'w'
    ),
        
    (
        49,
        538,
        'Thomas',
        'Arrive number instead answer crime. So act shake. Then increase against join fly.',
        '2018-02-09 04:43:12',
        'a'
    ),
        
    (
        50,
        864,
        ' Anderson',
        'Statement similar week feeling avoid doctor. Partner every work specific travel total such.',
        '2020-01-10 20:16:26',
        'na'
    ),
        
    (
        51,
        472,
        'Zachary',
        'All sell mind above want decide most staff. Serve bill add summer. Suggest miss choice or focus. Deal language imagine eat smile include. Keep weight society player against far.',
        '2016-01-04 18:18:29',
        'na'
    ),
        
    (
        52,
        758,
        'Lisa',
        'Although source let memory.',
        '2023-02-20 19:44:07',
        'na'
    ),
        
    (
        53,
        732,
        'Brett',
        'Strategy actually necessary study degree send focus. Garden maintain loss hospital.',
        '2016-07-24 06:15:41',
        'na'
    ),
        
    (
        54,
        98,
        ' Key',
        'Line operation back hot.',
        '2019-12-01 23:51:03',
        'na'
    ),
        
    (
        55,
        442,
        'Manuel',
        'Form guess any happen score. Morning success event.',
        '2021-01-06 14:06:03',
        'na'
    ),
        
    (
        56,
        553,
        ' Terrell',
        'State word art four.',
        '2016-10-27 16:09:41',
        'w'
    ),
        
    (
        57,
        747,
        ' Garcia',
        'Husband skin morning.',
        '2019-01-03 07:20:48',
        'a'
    ),
        
    (
        58,
        318,
        'Mason',
        'Model finally responsibility own him. Nothing close what official. Company risk fund establish great form.',
        '2021-10-01 21:17:14',
        'na'
    ),
        
    (
        59,
        33,
        'Jessica',
        'Quite meeting collection. Nation forward can town opportunity head voice computer. Way full upon necessary feeling southern.',
        '2021-02-16 18:45:16',
        'w'
    ),
        
    (
        60,
        274,
        'Brian',
        'Even arm loss catch.',
        '2018-04-26 11:57:49',
        'a'
    ),
        
    (
        61,
        804,
        'Suzanne',
        'Recently somebody above forget. Almost reveal make key them election significant. Off a ready government late former lay.',
        '2018-03-17 21:25:43',
        'na'
    ),
        
    (
        62,
        813,
        'Donald',
        'Consider sometimes anything. Physical understand shoulder.',
        '2021-06-02 10:00:32',
        'a'
    ),
        
    (
        63,
        420,
        'Erin',
        'Hot organization natural front explain article. Despite value large mind structure. Land action five then write argue morning data.',
        '2015-09-01 01:08:30',
        'na'
    ),
        
    (
        64,
        820,
        ' Reid',
        'Unit include around improve yes home job past. Allow worry voice boy simple.',
        '2018-09-01 12:29:30',
        'w'
    ),
        
    (
        65,
        973,
        'Todd',
        'Middle positive high.',
        '2020-06-09 03:19:23',
        'na'
    ),
        
    (
        66,
        355,
        'Jack',
        'Town fine property camera detail nature would. Book dinner evening head hot most factor listen. Buy language their method. Look employee clearly control letter.',
        '2016-06-28 08:44:54',
        'a'
    ),
        
    (
        67,
        498,
        'Erin',
        'Enjoy could upon civil charge per. Friend serious product. Soldier mission appear treatment benefit student.',
        '2016-05-05 16:16:21',
        'a'
    ),
        
    (
        68,
        489,
        ' Shelton',
        'Life office parent view. Enough generation always agreement space single when.',
        '2021-02-20 13:22:00',
        'w'
    ),
        
    (
        69,
        440,
        'Melissa',
        'Will anyone catch play loss. Test best another again business sure.',
        '2016-02-06 08:47:54',
        'na'
    ),
        
    (
        70,
        490,
        ' Munoz',
        'Item smile course admit policy whether. Born increase side far.',
        '2021-05-08 03:35:17',
        'a'
    ),
        
    (
        71,
        876,
        'Samantha',
        'Nature contain will exactly. Individual agent hit similar act. First study always low same man fire. Paper themselves Democrat anyone hotel how daughter.',
        '2016-10-29 18:49:40',
        'w'
    ),
        
    (
        72,
        186,
        ' Cruz',
        'Education agent exist. Hundred edge financial increase true real. Positive political two difference rich.',
        '2021-01-31 20:37:28',
        'na'
    ),
        
    (
        73,
        11,
        'Pamela',
        'Far law yes. Radio network local its notice war. Either fund protect. Everything follow appear help tend author.',
        '2022-09-19 23:30:35',
        'a'
    ),
        
    (
        74,
        741,
        ' Kim',
        'Form successful decide how.',
        '2021-03-05 06:18:51',
        'w'
    ),
        
    (
        75,
        552,
        'Robert',
        'Mouth than truth data.',
        '2018-05-06 22:13:20',
        'na'
    ),
        
    (
        76,
        947,
        ' Mccoy',
        'Despite bring our partner month. Network lay mind college. Ask thank course fact our yourself second. Card character dinner up something. Family born watch series mind.',
        '2022-11-03 18:27:01',
        'na'
    ),
        
    (
        77,
        701,
        'Michael',
        'Once conference some half theory. When hard boy us still individual.',
        '2015-01-15 21:45:32',
        'na'
    ),
        
    (
        78,
        560,
        'Jill',
        'Sound never contain if change four industry. Same pick particularly course rule only would. Single ago free student industry. College yes actually tough officer.',
        '2023-03-01 19:21:57',
        'na'
    ),
        
    (
        79,
        872,
        ' Spence',
        'Exist key people interesting.',
        '2016-06-19 04:49:12',
        'w'
    ),
        
    (
        80,
        146,
        ' Mclaughlin',
        'Future yes begin show media visit.',
        '2021-11-17 13:37:51',
        'w'
    ),
        
    (
        81,
        94,
        'Eric',
        'Son send trip part figure whether doctor night. Morning explain recent purpose century still.',
        '2019-01-16 23:52:22',
        'a'
    ),
        
    (
        82,
        389,
        ' Burton',
        'Agent town nothing determine nation.',
        '2018-04-06 10:21:07',
        'na'
    ),
        
    (
        83,
        362,
        'Jose',
        'Drug human deep American. Wait that why color serious wish single better.',
        '2022-03-07 05:04:23',
        'a'
    ),
        
    (
        84,
        923,
        'Christine',
        'Later half book camera south score teacher president.',
        '2020-11-14 05:01:49',
        'w'
    ),
        
    (
        85,
        76,
        ' Lee',
        'Other possible result plant garden threat. Single build per education.',
        '2021-05-17 01:53:00',
        'w'
    ),
        
    (
        86,
        943,
        'Jean',
        'Wide thought be money home. Marriage difficult firm continue trip.',
        '2022-03-25 17:32:11',
        'a'
    ),
        
    (
        87,
        775,
        'Cheryl',
        'Budget throughout behind far general instead.',
        '2021-07-10 15:42:59',
        'w'
    ),
        
    (
        88,
        528,
        'Willie',
        'Similar identify American hour popular wait. Show gas get off land enough. Front charge land themselves fish become hope matter. Million worry little.',
        '2016-07-14 11:44:58',
        'a'
    ),
        
    (
        89,
        346,
        'Natalie',
        'As either camera method trade main.',
        '2015-06-18 20:47:55',
        'a'
    ),
        
    (
        90,
        598,
        'Donna',
        'Any too popular leave hear support.',
        '2017-10-06 01:04:32',
        'a'
    ),
        
    (
        91,
        651,
        'Adam',
        'Situation more pull school north leave state. Receive learn rate be as. Participant magazine specific reflect response role.',
        '2018-02-05 01:10:27',
        'na'
    ),
        
    (
        92,
        313,
        'Evan',
        'Themselves step early official research bad. Character up become lose.',
        '2019-06-13 23:07:05',
        'a'
    ),
        
    (
        93,
        13,
        ' Lynn',
        'Town or sure head garden financial. Admit according power process build.',
        '2019-05-02 13:14:27',
        'na'
    ),
        
    (
        94,
        869,
        'Jill',
        'Six edge local term ready guy player. Open threat really throw religious necessary.',
        '2018-08-25 00:38:52',
        'a'
    ),
        
    (
        95,
        4,
        ' Martin',
        'Major last why traditional research yes quality hot.',
        '2022-07-01 23:35:36',
        'na'
    ),
        
    (
        96,
        382,
        'Robert',
        'Significant ask occur century memory participant. Month line fine before production. Something responsibility want toward provide wish. Room knowledge democratic month.',
        '2017-05-31 20:59:15',
        'na'
    ),
        
    (
        97,
        803,
        ' Wang',
        'Center north from parent among difference. Mouth current skin loss.',
        '2022-03-08 09:47:51',
        'w'
    ),
        
    (
        98,
        604,
        'Travis',
        'Money loss become maintain nothing increase certain. Test live then agency relationship. Something matter important since left.',
        '2020-03-26 16:20:01',
        'a'
    ),
        
    (
        99,
        712,
        'Emily',
        'Stand parent involve cell carry. Quickly probably possible student break property.',
        '2021-10-25 04:55:58',
        'na'
    ),
        
    (
        100,
        447,
        ' Gonzalez',
        'Reach doctor doctor article religious. Agree force effect option dream you.',
        '2019-02-02 21:54:23',
        'a'
    ),
        
    (
        101,
        50,
        'Lynn',
        'Air science us try simple.',
        '2017-06-01 21:41:26',
        'na'
    ),
        
    (
        102,
        941,
        ' Cunningham',
        'Bit sort year old. Stay consider evening area process.',
        '2019-07-19 15:21:31',
        'w'
    ),
        
    (
        103,
        213,
        'Jessica',
        'Would hair mind safe energy good fight. High southern media ability.',
        '2018-03-03 09:04:23',
        'na'
    ),
        
    (
        104,
        864,
        ' Russell',
        'Company force into see but enter resource.',
        '2019-03-20 03:49:23',
        'a'
    ),
        
    (
        105,
        85,
        ' Taylor',
        'Evidence certainly economic.',
        '2020-04-24 01:04:15',
        'a'
    ),
        
    (
        106,
        202,
        'Debra',
        'Check network hand wind. Paper individual buy owner accept. Board begin important character million play skill. Anyone popular positive form drive.',
        '2015-01-27 01:55:41',
        'w'
    ),
        
    (
        107,
        812,
        'Elizabeth',
        'Write good really responsibility debate. Federal hit down end step argue bit. Human affect child where positive success run. Recent subject behavior within line.',
        '2016-04-15 09:17:55',
        'na'
    ),
        
    (
        108,
        327,
        'Christopher',
        'But now all campaign budget beautiful. Herself get no less him security ball civil. Source do responsibility. Never them especially if.',
        '2017-02-11 21:33:45',
        'na'
    ),
        
    (
        109,
        561,
        'Samantha',
        'Growth four behavior much. Already foreign issue her space information air. True offer office by TV strong education. Crime eat some reduce develop condition. Pattern final drive radio his popular.',
        '2019-01-26 01:43:51',
        'a'
    ),
        
    (
        110,
        482,
        ' Gilmore',
        'World affect agency family decide investment property. Majority process pattern lawyer list in available front. Purpose exist side begin similar already necessary.',
        '2019-08-12 13:54:27',
        'a'
    ),
        
    (
        111,
        691,
        'Edwin',
        'Less whom two seat could. Expect between way strategy dream degree modern. Effort trade walk beyond. Talk stand laugh pass best key painting natural.',
        '2019-02-04 07:41:23',
        'a'
    ),
        
    (
        112,
        612,
        'Denise',
        'Tell process born social safe growth report. Wind up outside.',
        '2019-10-19 04:08:38',
        'na'
    ),
        
    (
        113,
        675,
        ' Russell',
        'Course record collection ability radio.',
        '2017-07-26 04:53:41',
        'a'
    ),
        
    (
        114,
        109,
        'Jacqueline',
        'Rich order them growth threat heavy inside. Middle government laugh any wonder store data. Where herself TV single table few.',
        '2023-02-07 23:31:49',
        'a'
    ),
        
    (
        115,
        769,
        'Gordon',
        'Until hard bill become coach. These instead as save once outside course. Me top have garden church less. Republican art power once local interview foot. Garden control red top.',
        '2016-12-14 12:04:20',
        'a'
    ),
        
    (
        116,
        261,
        'William',
        'End cultural evening crime rather hold.',
        '2017-04-20 04:47:00',
        'w'
    ),
        
    (
        117,
        942,
        'Cindy',
        'Fear recently laugh specific.',
        '2018-05-06 16:00:42',
        'na'
    ),
        
    (
        118,
        226,
        ' Reed',
        'Everything office year grow place.',
        '2020-03-15 14:33:01',
        'na'
    ),
        
    (
        119,
        976,
        ' Woodward',
        'Condition can person explain approach guess.',
        '2016-02-08 23:53:37',
        'w'
    ),
        
    (
        120,
        882,
        'Theresa',
        'Really serious manage step reveal question find. Yet here authority candidate American actually force.',
        '2017-12-13 04:34:27',
        'w'
    ),
        
    (
        121,
        699,
        'April',
        'Seek because else shake leg cut material. Hold commercial reduce clearly listen.',
        '2021-03-21 12:46:15',
        'w'
    ),
        
    (
        122,
        644,
        'Sherry',
        'Who heavy player check decision. Mind lose see think smile. Make consumer American. Night perform list feeling across world man. Pay floor staff child but great.',
        '2020-04-23 18:54:21',
        'na'
    ),
        
    (
        123,
        927,
        ' Zuniga',
        'People far success policy future most.',
        '2020-03-09 20:39:23',
        'a'
    ),
        
    (
        124,
        727,
        ' Chang',
        'Protect space I heart top. Street shake beyond walk.',
        '2015-10-05 18:45:39',
        'na'
    ),
        
    (
        125,
        264,
        'Curtis',
        'Heavy practice campaign teacher management. City customer simply wonder beyond collection. Event strategy dog fight memory apply.',
        '2018-11-20 15:01:10',
        'w'
    ),
        
    (
        126,
        578,
        'Rebecca',
        'Five practice will lay.',
        '2018-11-10 11:25:24',
        'na'
    ),
        
    (
        127,
        887,
        ' Haley',
        'Star gun not authority century make out. Office behavior activity hour including.',
        '2018-07-07 07:39:57',
        'na'
    ),
        
    (
        128,
        593,
        ' Brown',
        'Teacher day item daughter listen rich trouble.',
        '2015-10-17 22:49:44',
        'w'
    ),
        
    (
        129,
        434,
        ' Barnes',
        'Here course son song onto live better measure. Soon drop space son black race maybe.',
        '2021-09-22 14:06:35',
        'w'
    ),
        
    (
        130,
        502,
        'Katie',
        'Artist turn western purpose threat that if. Method break mean also site natural. Figure hit rock team senior usually.',
        '2016-10-06 12:52:01',
        'na'
    ),
        
    (
        131,
        974,
        'Brandon',
        'Data enough suffer economic.',
        '2021-06-14 00:05:26',
        'a'
    ),
        
    (
        132,
        143,
        'Victoria',
        'Forget close laugh long federal agent. Mr although do network easy. Example large them become. Despite myself gun raise arrive but certainly affect.',
        '2020-01-25 14:02:02',
        'na'
    ),
        
    (
        133,
        99,
        'Linda',
        'Road call window report after.',
        '2015-06-21 03:19:04',
        'w'
    ),
        
    (
        134,
        940,
        'Robyn',
        'Bag team ball much. Age with agreement. Fear agency task side. Section yourself military room theory cause.',
        '2018-07-08 05:53:28',
        'na'
    ),
        
    (
        135,
        231,
        ' Baker',
        'Process growth affect maybe enjoy fill.',
        '2019-11-14 11:58:20',
        'w'
    ),
        
    (
        136,
        767,
        'Matthew',
        'Recently great resource than cultural student image. Turn whom whose debate.',
        '2018-10-09 20:45:54',
        'na'
    ),
        
    (
        137,
        107,
        ' Bryant',
        'Condition including forward. Lay matter than really find head.',
        '2020-07-03 07:45:45',
        'w'
    ),
        
    (
        138,
        38,
        'Jessica',
        'Agreement whether friend anyone great anything.',
        '2020-05-23 14:35:03',
        'na'
    ),
        
    (
        139,
        612,
        'James',
        'Few team speak either despite worry force.',
        '2023-03-22 16:20:12',
        'na'
    ),
        
    (
        140,
        728,
        'Gregory',
        'Child house pretty partner last. Use little woman operation left write. Week just red behind social poor rather.',
        '2021-09-24 08:21:12',
        'a'
    ),
        
    (
        141,
        30,
        'Sabrina',
        'Cause evidence hospital window reason need.',
        '2015-08-10 21:24:16',
        'na'
    ),
        
    (
        142,
        521,
        ' Hanna',
        'About popular hold machine local.',
        '2018-07-02 08:59:02',
        'a'
    ),
        
    (
        143,
        425,
        'Teresa',
        'Officer little entire big. School goal protect you rule student. Parent wait response level strategy.',
        '2019-01-08 03:54:53',
        'na'
    ),
        
    (
        144,
        349,
        'Karen',
        'Paper tell between investment well.',
        '2022-01-21 10:31:09',
        'a'
    ),
        
    (
        145,
        157,
        ' Bennett',
        'Pm different room back term.',
        '2019-08-22 00:07:32',
        'na'
    ),
        
    (
        146,
        541,
        'Ryan',
        'Particularly how require eat factor yard.',
        '2019-01-09 01:56:07',
        'a'
    ),
        
    (
        147,
        936,
        ' Collins',
        'Same more hundred decision international. Challenge politics perform run final. Better officer play high civil. Probably either art.',
        '2020-11-18 05:41:39',
        'na'
    ),
        
    (
        148,
        160,
        'Melissa',
        'How sing common it wall. Dinner worry get value watch.',
        '2019-11-21 18:36:45',
        'w'
    ),
        
    (
        149,
        316,
        'Amanda',
        'Plant production wonder fight away. Modern almost morning benefit condition player training.',
        '2022-08-13 14:22:31',
        'a'
    ),
        
    (
        150,
        18,
        'Michael',
        'Million represent hard speech alone assume. Spend movie simply whole call. Serious reality leader drop summer ability.',
        '2021-01-13 19:39:30',
        'na'
    );
        
    insert into
    store_cart (
        id,
        created_at
    )
    values
    
    (
        1,
        '2023-04-05 12:49:45'
    ),
        
    (
        2,
        '2023-03-29 02:42:59'
    ),
        
    (
        3,
        '2023-02-11 11:05:56'
    ),
        
    (
        4,
        '2023-06-03 13:39:34'
    ),
        
    (
        5,
        '2023-01-09 16:28:55'
    ),
        
    (
        6,
        '2023-02-26 18:11:01'
    ),
        
    (
        7,
        '2023-01-31 16:55:45'
    ),
        
    (
        8,
        '2023-05-22 03:39:19'
    ),
        
    (
        9,
        '2023-01-08 03:37:57'
    ),
        
    (
        10,
        '2023-02-23 21:15:43'
    ),
        
    (
        11,
        '2023-01-14 19:07:45'
    ),
        
    (
        12,
        '2023-01-10 01:27:14'
    ),
        
    (
        13,
        '2023-05-31 02:22:25'
    ),
        
    (
        14,
        '2023-04-06 21:59:56'
    ),
        
    (
        15,
        '2023-01-23 11:25:09'
    );
        
    insert into
    store_cartitem (
        id,
        cart_id,
        product_id,
        quantity
    )
    values
    
        (
            1,
            1,
            '81',
            '1'
        ),
            
        (
            2,
            2,
            '421',
            '3'
        ),
            
        (
            3,
            2,
            '630',
            '1'
        ),
            
        (
            4,
            3,
            '45',
            '10'
        ),
            
        (
            5,
            3,
            '814',
            '6'
        ),
            
        (
            6,
            3,
            '719',
            '2'
        ),
            
        (
            7,
            3,
            '410',
            '5'
        ),
            
        (
            8,
            4,
            '367',
            '5'
        ),
            
        (
            9,
            4,
            '748',
            '6'
        ),
            
        (
            10,
            4,
            '787',
            '2'
        ),
            
        (
            11,
            5,
            '531',
            '8'
        ),
            
        (
            12,
            5,
            '973',
            '6'
        ),
            
        (
            13,
            5,
            '489',
            '10'
        ),
            
        (
            14,
            5,
            '167',
            '6'
        ),
            
        (
            15,
            6,
            '554',
            '9'
        ),
            
        (
            16,
            6,
            '165',
            '6'
        ),
            
        (
            17,
            6,
            '61',
            '5'
        ),
            
        (
            18,
            6,
            '26',
            '9'
        ),
            
        (
            19,
            6,
            '62',
            '1'
        ),
            
        (
            20,
            7,
            '497',
            '10'
        ),
            
        (
            21,
            7,
            '454',
            '6'
        ),
            
        (
            22,
            8,
            '797',
            '4'
        ),
            
        (
            23,
            8,
            '235',
            '1'
        ),
            
        (
            24,
            9,
            '532',
            '7'
        ),
            
        (
            25,
            10,
            '932',
            '6'
        ),
            
        (
            26,
            10,
            '492',
            '3'
        ),
            
        (
            27,
            10,
            '817',
            '6'
        ),
            
        (
            28,
            10,
            '977',
            '4'
        ),
            
        (
            29,
            10,
            '695',
            '4'
        ),
            
        (
            30,
            11,
            '486',
            '8'
        ),
            
        (
            31,
            11,
            '718',
            '10'
        ),
            
        (
            32,
            11,
            '72',
            '3'
        ),
            
        (
            33,
            12,
            '973',
            '6'
        ),
            
        (
            34,
            12,
            '677',
            '6'
        ),
            
        (
            35,
            12,
            '259',
            '10'
        ),
            
        (
            36,
            12,
            '962',
            '7'
        ),
            
        (
            37,
            12,
            '896',
            '9'
        ),
            
        (
            38,
            13,
            '554',
            '9'
        ),
            
        (
            39,
            14,
            '531',
            '7'
        ),
            
        (
            40,
            14,
            '158',
            '3'
        ),
            
        (
            41,
            14,
            '133',
            '1'
        ),
            
        (
            42,
            15,
            '971',
            '9'
        ),
            
        (
            43,
            15,
            '984',
            '8'
        );
            